agrupacion	circuito	votos_p
APTITUD RENOVADORA	1	0.44
APTITUD RENOVADORA	2	0.41
APTITUD RENOVADORA	3	0.17
APTITUD RENOVADORA	4	0.00
APTITUD RENOVADORA	5	0.55
APTITUD RENOVADORA	6	0.17
APTITUD RENOVADORA	7	0.22
APTITUD RENOVADORA	8	0.26
APTITUD RENOVADORA	9	0.31
APTITUD RENOVADORA	10	0.60
APTITUD RENOVADORA	11	0.47
APTITUD RENOVADORA	12	0.54
APTITUD RENOVADORA	13	0.81
APTITUD RENOVADORA	14	0.58
APTITUD RENOVADORA	15	0.42
APTITUD RENOVADORA	16	0.41
APTITUD RENOVADORA	17	0.59
APTITUD RENOVADORA	18	0.82
APTITUD RENOVADORA	19	0.54
APTITUD RENOVADORA	20	0.21
APTITUD RENOVADORA	21	0.19
APTITUD RENOVADORA	22	0.25
APTITUD RENOVADORA	23	0.19
APTITUD RENOVADORA	24	0.18
APTITUD RENOVADORA	25	0.18
APTITUD RENOVADORA	26	0.13
APTITUD RENOVADORA	27	0.33
APTITUD RENOVADORA	28	0.25
APTITUD RENOVADORA	29	0.18
APTITUD RENOVADORA	30	0.44
APTITUD RENOVADORA	31	0.39
APTITUD RENOVADORA	32	0.41
APTITUD RENOVADORA	33	0.57
APTITUD RENOVADORA	34	0.50
APTITUD RENOVADORA	35	0.65
APTITUD RENOVADORA	36	0.62
APTITUD RENOVADORA	37	0.49
APTITUD RENOVADORA	38	0.43
APTITUD RENOVADORA	39	0.57
APTITUD RENOVADORA	40	0.48
APTITUD RENOVADORA	41	0.83
APTITUD RENOVADORA	42	0.48
APTITUD RENOVADORA	43	0.82
APTITUD RENOVADORA	44	0.63
APTITUD RENOVADORA	45	0.40
APTITUD RENOVADORA	46	0.51
APTITUD RENOVADORA	47	0.89
APTITUD RENOVADORA	48	0.49
APTITUD RENOVADORA	49	0.54
APTITUD RENOVADORA	50	0.43
APTITUD RENOVADORA	51	0.31
APTITUD RENOVADORA	52	0.69
APTITUD RENOVADORA	53	0.92
APTITUD RENOVADORA	54	0.74
APTITUD RENOVADORA	55	0.75
APTITUD RENOVADORA	56	0.62
APTITUD RENOVADORA	57	0.48
APTITUD RENOVADORA	58	0.51
APTITUD RENOVADORA	59	0.58
APTITUD RENOVADORA	60	0.47
APTITUD RENOVADORA	61	0.43
APTITUD RENOVADORA	62	0.49
APTITUD RENOVADORA	63	0.44
APTITUD RENOVADORA	64	0.49
APTITUD RENOVADORA	65	0.47
APTITUD RENOVADORA	66	0.43
APTITUD RENOVADORA	67	0.39
APTITUD RENOVADORA	68	0.42
APTITUD RENOVADORA	69	0.21
APTITUD RENOVADORA	70	0.35
APTITUD RENOVADORA	71	0.35
APTITUD RENOVADORA	72	0.46
APTITUD RENOVADORA	73	0.50
APTITUD RENOVADORA	74	0.79
APTITUD RENOVADORA	75	0.40
APTITUD RENOVADORA	76	0.36
APTITUD RENOVADORA	77	0.43
APTITUD RENOVADORA	78	0.46
APTITUD RENOVADORA	79	0.54
APTITUD RENOVADORA	80	0.34
APTITUD RENOVADORA	81	0.42
APTITUD RENOVADORA	82	0.46
APTITUD RENOVADORA	83	0.35
APTITUD RENOVADORA	84	0.56
APTITUD RENOVADORA	85	0.30
APTITUD RENOVADORA	86	0.61
APTITUD RENOVADORA	87	1.18
APTITUD RENOVADORA	88	0.41
APTITUD RENOVADORA	89	0.59
APTITUD RENOVADORA	90	0.59
APTITUD RENOVADORA	91	0.72
APTITUD RENOVADORA	92	0.64
APTITUD RENOVADORA	93	0.58
APTITUD RENOVADORA	94	0.47
APTITUD RENOVADORA	95	0.44
APTITUD RENOVADORA	96	0.56
APTITUD RENOVADORA	97	0.72
APTITUD RENOVADORA	98	0.61
APTITUD RENOVADORA	99	0.48
APTITUD RENOVADORA	100	0.40
APTITUD RENOVADORA	101	0.48
APTITUD RENOVADORA	102	0.37
APTITUD RENOVADORA	103	0.52
APTITUD RENOVADORA	104	0.50
APTITUD RENOVADORA	105	0.43
APTITUD RENOVADORA	106	0.50
APTITUD RENOVADORA	107	0.37
APTITUD RENOVADORA	108	0.56
APTITUD RENOVADORA	109	0.48
APTITUD RENOVADORA	110	0.47
APTITUD RENOVADORA	111	0.45
APTITUD RENOVADORA	112	1.51
APTITUD RENOVADORA	113	0.44
APTITUD RENOVADORA	114	0.51
APTITUD RENOVADORA	115	0.43
APTITUD RENOVADORA	116	0.55
APTITUD RENOVADORA	117	0.33
APTITUD RENOVADORA	118	0.40
APTITUD RENOVADORA	119	0.31
APTITUD RENOVADORA	120	0.44
APTITUD RENOVADORA	121	0.50
APTITUD RENOVADORA	122	0.35
APTITUD RENOVADORA	123	0.53
APTITUD RENOVADORA	124	0.60
APTITUD RENOVADORA	125	0.47
APTITUD RENOVADORA	126	0.56
APTITUD RENOVADORA	127	0.34
APTITUD RENOVADORA	128	0.41
APTITUD RENOVADORA	129	0.38
APTITUD RENOVADORA	130	0.38
APTITUD RENOVADORA	131	0.48
APTITUD RENOVADORA	132	0.38
APTITUD RENOVADORA	133	0.30
APTITUD RENOVADORA	134	0.22
APTITUD RENOVADORA	135	0.23
APTITUD RENOVADORA	136	0.37
APTITUD RENOVADORA	137	0.29
APTITUD RENOVADORA	138	0.22
APTITUD RENOVADORA	139	0.23
APTITUD RENOVADORA	140	0.30
APTITUD RENOVADORA	141	0.20
APTITUD RENOVADORA	142	0.12
APTITUD RENOVADORA	143	0.27
APTITUD RENOVADORA	144	0.26
APTITUD RENOVADORA	145	0.29
APTITUD RENOVADORA	146	0.23
APTITUD RENOVADORA	147	0.18
APTITUD RENOVADORA	148	0.16
APTITUD RENOVADORA	149	0.18
APTITUD RENOVADORA	150	0.07
APTITUD RENOVADORA	151	0.23
APTITUD RENOVADORA	152	0.14
APTITUD RENOVADORA	153	0.24
APTITUD RENOVADORA	154	0.23
APTITUD RENOVADORA	155	0.37
APTITUD RENOVADORA	156	0.41
APTITUD RENOVADORA	157	0.39
APTITUD RENOVADORA	158	0.37
APTITUD RENOVADORA	159	0.48
APTITUD RENOVADORA	160	0.43
APTITUD RENOVADORA	161	0.34
APTITUD RENOVADORA	162	0.44
APTITUD RENOVADORA	163	0.55
APTITUD RENOVADORA	164	0.39
APTITUD RENOVADORA	165	0.42
APTITUD RENOVADORA	166	0.25
APTITUD RENOVADORA	167	0.23
AUTODETERMINACIÓN Y LIBERTAD	1	3.12
AUTODETERMINACIÓN Y LIBERTAD	2	2.84
AUTODETERMINACIÓN Y LIBERTAD	3	0.70
AUTODETERMINACIÓN Y LIBERTAD	4	0.49
AUTODETERMINACIÓN Y LIBERTAD	5	0.95
AUTODETERMINACIÓN Y LIBERTAD	6	0.73
AUTODETERMINACIÓN Y LIBERTAD	7	1.30
AUTODETERMINACIÓN Y LIBERTAD	8	2.01
AUTODETERMINACIÓN Y LIBERTAD	9	1.78
AUTODETERMINACIÓN Y LIBERTAD	10	2.37
AUTODETERMINACIÓN Y LIBERTAD	11	2.63
AUTODETERMINACIÓN Y LIBERTAD	12	2.24
AUTODETERMINACIÓN Y LIBERTAD	13	2.66
AUTODETERMINACIÓN Y LIBERTAD	14	2.80
AUTODETERMINACIÓN Y LIBERTAD	15	3.45
AUTODETERMINACIÓN Y LIBERTAD	16	2.88
AUTODETERMINACIÓN Y LIBERTAD	17	3.15
AUTODETERMINACIÓN Y LIBERTAD	18	2.30
AUTODETERMINACIÓN Y LIBERTAD	19	2.43
AUTODETERMINACIÓN Y LIBERTAD	20	1.12
AUTODETERMINACIÓN Y LIBERTAD	21	0.65
AUTODETERMINACIÓN Y LIBERTAD	22	1.97
AUTODETERMINACIÓN Y LIBERTAD	23	2.02
AUTODETERMINACIÓN Y LIBERTAD	24	1.71
AUTODETERMINACIÓN Y LIBERTAD	25	1.11
AUTODETERMINACIÓN Y LIBERTAD	26	1.00
AUTODETERMINACIÓN Y LIBERTAD	27	1.67
AUTODETERMINACIÓN Y LIBERTAD	28	2.12
AUTODETERMINACIÓN Y LIBERTAD	29	2.20
AUTODETERMINACIÓN Y LIBERTAD	30	2.68
AUTODETERMINACIÓN Y LIBERTAD	31	2.28
AUTODETERMINACIÓN Y LIBERTAD	32	2.59
AUTODETERMINACIÓN Y LIBERTAD	33	2.41
AUTODETERMINACIÓN Y LIBERTAD	34	2.68
AUTODETERMINACIÓN Y LIBERTAD	35	2.56
AUTODETERMINACIÓN Y LIBERTAD	36	2.58
AUTODETERMINACIÓN Y LIBERTAD	37	2.44
AUTODETERMINACIÓN Y LIBERTAD	38	2.67
AUTODETERMINACIÓN Y LIBERTAD	39	2.78
AUTODETERMINACIÓN Y LIBERTAD	40	2.40
AUTODETERMINACIÓN Y LIBERTAD	41	2.90
AUTODETERMINACIÓN Y LIBERTAD	42	2.92
AUTODETERMINACIÓN Y LIBERTAD	43	2.81
AUTODETERMINACIÓN Y LIBERTAD	44	2.43
AUTODETERMINACIÓN Y LIBERTAD	45	2.23
AUTODETERMINACIÓN Y LIBERTAD	46	2.37
AUTODETERMINACIÓN Y LIBERTAD	47	1.47
AUTODETERMINACIÓN Y LIBERTAD	48	2.20
AUTODETERMINACIÓN Y LIBERTAD	49	2.68
AUTODETERMINACIÓN Y LIBERTAD	50	2.37
AUTODETERMINACIÓN Y LIBERTAD	51	2.77
AUTODETERMINACIÓN Y LIBERTAD	52	1.74
AUTODETERMINACIÓN Y LIBERTAD	53	1.99
AUTODETERMINACIÓN Y LIBERTAD	54	2.34
AUTODETERMINACIÓN Y LIBERTAD	55	2.57
AUTODETERMINACIÓN Y LIBERTAD	56	2.48
AUTODETERMINACIÓN Y LIBERTAD	57	2.39
AUTODETERMINACIÓN Y LIBERTAD	58	2.97
AUTODETERMINACIÓN Y LIBERTAD	59	2.71
AUTODETERMINACIÓN Y LIBERTAD	60	3.30
AUTODETERMINACIÓN Y LIBERTAD	61	2.88
AUTODETERMINACIÓN Y LIBERTAD	62	3.25
AUTODETERMINACIÓN Y LIBERTAD	63	2.92
AUTODETERMINACIÓN Y LIBERTAD	64	3.44
AUTODETERMINACIÓN Y LIBERTAD	65	4.05
AUTODETERMINACIÓN Y LIBERTAD	66	3.34
AUTODETERMINACIÓN Y LIBERTAD	67	3.55
AUTODETERMINACIÓN Y LIBERTAD	68	3.86
AUTODETERMINACIÓN Y LIBERTAD	69	2.90
AUTODETERMINACIÓN Y LIBERTAD	70	3.62
AUTODETERMINACIÓN Y LIBERTAD	71	3.18
AUTODETERMINACIÓN Y LIBERTAD	72	3.87
AUTODETERMINACIÓN Y LIBERTAD	73	3.90
AUTODETERMINACIÓN Y LIBERTAD	74	2.84
AUTODETERMINACIÓN Y LIBERTAD	75	3.08
AUTODETERMINACIÓN Y LIBERTAD	76	3.53
AUTODETERMINACIÓN Y LIBERTAD	77	3.16
AUTODETERMINACIÓN Y LIBERTAD	78	2.57
AUTODETERMINACIÓN Y LIBERTAD	79	2.66
AUTODETERMINACIÓN Y LIBERTAD	80	3.65
AUTODETERMINACIÓN Y LIBERTAD	81	2.63
AUTODETERMINACIÓN Y LIBERTAD	82	2.97
AUTODETERMINACIÓN Y LIBERTAD	83	2.61
AUTODETERMINACIÓN Y LIBERTAD	84	2.79
AUTODETERMINACIÓN Y LIBERTAD	85	3.33
AUTODETERMINACIÓN Y LIBERTAD	86	1.92
AUTODETERMINACIÓN Y LIBERTAD	87	1.54
AUTODETERMINACIÓN Y LIBERTAD	88	2.16
AUTODETERMINACIÓN Y LIBERTAD	89	1.99
AUTODETERMINACIÓN Y LIBERTAD	90	2.16
AUTODETERMINACIÓN Y LIBERTAD	91	1.20
AUTODETERMINACIÓN Y LIBERTAD	92	2.53
AUTODETERMINACIÓN Y LIBERTAD	93	2.88
AUTODETERMINACIÓN Y LIBERTAD	94	3.12
AUTODETERMINACIÓN Y LIBERTAD	95	2.72
AUTODETERMINACIÓN Y LIBERTAD	96	2.79
AUTODETERMINACIÓN Y LIBERTAD	97	2.28
AUTODETERMINACIÓN Y LIBERTAD	98	2.49
AUTODETERMINACIÓN Y LIBERTAD	99	2.45
AUTODETERMINACIÓN Y LIBERTAD	100	2.74
AUTODETERMINACIÓN Y LIBERTAD	101	2.86
AUTODETERMINACIÓN Y LIBERTAD	102	3.29
AUTODETERMINACIÓN Y LIBERTAD	103	3.24
AUTODETERMINACIÓN Y LIBERTAD	104	3.20
AUTODETERMINACIÓN Y LIBERTAD	105	3.28
AUTODETERMINACIÓN Y LIBERTAD	106	3.20
AUTODETERMINACIÓN Y LIBERTAD	107	3.15
AUTODETERMINACIÓN Y LIBERTAD	108	3.55
AUTODETERMINACIÓN Y LIBERTAD	109	3.35
AUTODETERMINACIÓN Y LIBERTAD	110	2.88
AUTODETERMINACIÓN Y LIBERTAD	111	3.09
AUTODETERMINACIÓN Y LIBERTAD	112	3.20
AUTODETERMINACIÓN Y LIBERTAD	113	3.39
AUTODETERMINACIÓN Y LIBERTAD	114	3.41
AUTODETERMINACIÓN Y LIBERTAD	115	3.66
AUTODETERMINACIÓN Y LIBERTAD	116	3.89
AUTODETERMINACIÓN Y LIBERTAD	117	3.86
AUTODETERMINACIÓN Y LIBERTAD	118	3.59
AUTODETERMINACIÓN Y LIBERTAD	119	3.40
AUTODETERMINACIÓN Y LIBERTAD	120	3.10
AUTODETERMINACIÓN Y LIBERTAD	121	2.97
AUTODETERMINACIÓN Y LIBERTAD	122	2.42
AUTODETERMINACIÓN Y LIBERTAD	123	3.09
AUTODETERMINACIÓN Y LIBERTAD	124	2.89
AUTODETERMINACIÓN Y LIBERTAD	125	3.05
AUTODETERMINACIÓN Y LIBERTAD	126	3.18
AUTODETERMINACIÓN Y LIBERTAD	127	2.83
AUTODETERMINACIÓN Y LIBERTAD	128	2.91
AUTODETERMINACIÓN Y LIBERTAD	129	2.89
AUTODETERMINACIÓN Y LIBERTAD	130	3.14
AUTODETERMINACIÓN Y LIBERTAD	131	3.06
AUTODETERMINACIÓN Y LIBERTAD	132	2.65
AUTODETERMINACIÓN Y LIBERTAD	133	2.42
AUTODETERMINACIÓN Y LIBERTAD	134	2.58
AUTODETERMINACIÓN Y LIBERTAD	135	1.98
AUTODETERMINACIÓN Y LIBERTAD	136	2.85
AUTODETERMINACIÓN Y LIBERTAD	137	2.42
AUTODETERMINACIÓN Y LIBERTAD	138	2.03
AUTODETERMINACIÓN Y LIBERTAD	139	2.20
AUTODETERMINACIÓN Y LIBERTAD	140	2.26
AUTODETERMINACIÓN Y LIBERTAD	141	2.05
AUTODETERMINACIÓN Y LIBERTAD	142	0.95
AUTODETERMINACIÓN Y LIBERTAD	143	2.01
AUTODETERMINACIÓN Y LIBERTAD	144	1.96
AUTODETERMINACIÓN Y LIBERTAD	145	3.27
AUTODETERMINACIÓN Y LIBERTAD	146	2.85
AUTODETERMINACIÓN Y LIBERTAD	147	2.12
AUTODETERMINACIÓN Y LIBERTAD	148	1.72
AUTODETERMINACIÓN Y LIBERTAD	149	1.43
AUTODETERMINACIÓN Y LIBERTAD	150	0.73
AUTODETERMINACIÓN Y LIBERTAD	151	1.14
AUTODETERMINACIÓN Y LIBERTAD	152	1.60
AUTODETERMINACIÓN Y LIBERTAD	153	2.40
AUTODETERMINACIÓN Y LIBERTAD	154	2.41
AUTODETERMINACIÓN Y LIBERTAD	155	2.50
AUTODETERMINACIÓN Y LIBERTAD	156	2.86
AUTODETERMINACIÓN Y LIBERTAD	157	2.71
AUTODETERMINACIÓN Y LIBERTAD	158	4.44
AUTODETERMINACIÓN Y LIBERTAD	159	4.34
AUTODETERMINACIÓN Y LIBERTAD	160	4.96
AUTODETERMINACIÓN Y LIBERTAD	161	4.60
AUTODETERMINACIÓN Y LIBERTAD	162	3.45
AUTODETERMINACIÓN Y LIBERTAD	163	3.30
AUTODETERMINACIÓN Y LIBERTAD	164	3.10
AUTODETERMINACIÓN Y LIBERTAD	165	3.34
AUTODETERMINACIÓN Y LIBERTAD	166	3.32
AUTODETERMINACIÓN Y LIBERTAD	167	3.27
AUTONOMISTA	1	0.13
AUTONOMISTA	2	0.18
AUTONOMISTA	3	0.06
AUTONOMISTA	4	0.00
AUTONOMISTA	5	0.18
AUTONOMISTA	6	0.03
AUTONOMISTA	7	0.10
AUTONOMISTA	8	0.14
AUTONOMISTA	9	0.21
AUTONOMISTA	10	0.24
AUTONOMISTA	11	0.31
AUTONOMISTA	12	0.24
AUTONOMISTA	13	0.24
AUTONOMISTA	14	0.23
AUTONOMISTA	15	0.10
AUTONOMISTA	16	0.21
AUTONOMISTA	17	0.18
AUTONOMISTA	18	0.22
AUTONOMISTA	19	0.23
AUTONOMISTA	20	0.21
AUTONOMISTA	21	0.07
AUTONOMISTA	22	0.11
AUTONOMISTA	23	0.17
AUTONOMISTA	24	0.14
AUTONOMISTA	25	0.07
AUTONOMISTA	26	0.07
AUTONOMISTA	27	0.14
AUTONOMISTA	28	0.16
AUTONOMISTA	29	0.15
AUTONOMISTA	30	0.11
AUTONOMISTA	31	0.29
AUTONOMISTA	32	0.25
AUTONOMISTA	33	0.07
AUTONOMISTA	34	0.24
AUTONOMISTA	35	0.78
AUTONOMISTA	36	0.16
AUTONOMISTA	37	0.31
AUTONOMISTA	38	0.24
AUTONOMISTA	39	0.29
AUTONOMISTA	40	0.23
AUTONOMISTA	41	0.21
AUTONOMISTA	42	0.24
AUTONOMISTA	43	0.29
AUTONOMISTA	44	0.18
AUTONOMISTA	45	0.10
AUTONOMISTA	46	0.28
AUTONOMISTA	47	0.25
AUTONOMISTA	48	0.24
AUTONOMISTA	49	0.24
AUTONOMISTA	50	0.17
AUTONOMISTA	51	0.30
AUTONOMISTA	52	0.14
AUTONOMISTA	53	0.20
AUTONOMISTA	54	0.20
AUTONOMISTA	55	0.23
AUTONOMISTA	56	0.39
AUTONOMISTA	57	0.53
AUTONOMISTA	58	0.23
AUTONOMISTA	59	0.21
AUTONOMISTA	60	0.20
AUTONOMISTA	61	0.36
AUTONOMISTA	62	0.30
AUTONOMISTA	63	0.26
AUTONOMISTA	64	0.15
AUTONOMISTA	65	0.24
AUTONOMISTA	66	0.17
AUTONOMISTA	67	0.19
AUTONOMISTA	68	0.20
AUTONOMISTA	69	0.17
AUTONOMISTA	70	0.18
AUTONOMISTA	71	0.18
AUTONOMISTA	72	0.20
AUTONOMISTA	73	0.24
AUTONOMISTA	74	0.25
AUTONOMISTA	75	0.17
AUTONOMISTA	76	0.31
AUTONOMISTA	77	0.22
AUTONOMISTA	78	0.16
AUTONOMISTA	79	0.27
AUTONOMISTA	80	0.22
AUTONOMISTA	81	0.10
AUTONOMISTA	82	0.19
AUTONOMISTA	83	0.20
AUTONOMISTA	84	0.19
AUTONOMISTA	85	0.19
AUTONOMISTA	86	0.27
AUTONOMISTA	87	0.25
AUTONOMISTA	88	0.20
AUTONOMISTA	89	0.27
AUTONOMISTA	90	0.22
AUTONOMISTA	91	0.23
AUTONOMISTA	92	0.29
AUTONOMISTA	93	0.25
AUTONOMISTA	94	0.13
AUTONOMISTA	95	0.20
AUTONOMISTA	96	0.14
AUTONOMISTA	97	0.26
AUTONOMISTA	98	0.23
AUTONOMISTA	99	0.15
AUTONOMISTA	100	0.20
AUTONOMISTA	101	0.24
AUTONOMISTA	102	0.22
AUTONOMISTA	103	0.27
AUTONOMISTA	104	0.21
AUTONOMISTA	105	0.24
AUTONOMISTA	106	0.19
AUTONOMISTA	107	0.24
AUTONOMISTA	108	0.19
AUTONOMISTA	109	0.22
AUTONOMISTA	110	0.22
AUTONOMISTA	111	0.40
AUTONOMISTA	112	0.20
AUTONOMISTA	113	0.24
AUTONOMISTA	114	0.16
AUTONOMISTA	115	0.27
AUTONOMISTA	116	0.16
AUTONOMISTA	117	0.21
AUTONOMISTA	118	0.18
AUTONOMISTA	119	0.20
AUTONOMISTA	120	0.15
AUTONOMISTA	121	0.19
AUTONOMISTA	122	0.20
AUTONOMISTA	123	0.21
AUTONOMISTA	124	0.32
AUTONOMISTA	125	0.21
AUTONOMISTA	126	0.11
AUTONOMISTA	127	0.13
AUTONOMISTA	128	0.17
AUTONOMISTA	129	0.12
AUTONOMISTA	130	0.44
AUTONOMISTA	131	0.19
AUTONOMISTA	132	0.23
AUTONOMISTA	133	0.17
AUTONOMISTA	134	0.17
AUTONOMISTA	135	0.14
AUTONOMISTA	136	0.19
AUTONOMISTA	137	0.12
AUTONOMISTA	138	0.15
AUTONOMISTA	139	0.13
AUTONOMISTA	140	0.17
AUTONOMISTA	141	0.15
AUTONOMISTA	142	0.13
AUTONOMISTA	143	0.13
AUTONOMISTA	144	0.18
AUTONOMISTA	145	0.17
AUTONOMISTA	146	0.10
AUTONOMISTA	147	0.12
AUTONOMISTA	148	0.14
AUTONOMISTA	149	0.14
AUTONOMISTA	150	0.07
AUTONOMISTA	151	0.10
AUTONOMISTA	152	0.14
AUTONOMISTA	153	0.15
AUTONOMISTA	154	0.22
AUTONOMISTA	155	0.21
AUTONOMISTA	156	0.14
AUTONOMISTA	157	0.22
AUTONOMISTA	158	0.18
AUTONOMISTA	159	0.20
AUTONOMISTA	160	0.22
AUTONOMISTA	161	0.24
AUTONOMISTA	162	0.18
AUTONOMISTA	163	0.13
AUTONOMISTA	164	0.21
AUTONOMISTA	165	0.19
AUTONOMISTA	166	0.17
AUTONOMISTA	167	0.21
DIGNIDAD POPULAR	1	0.31
DIGNIDAD POPULAR	2	0.27
DIGNIDAD POPULAR	3	0.06
DIGNIDAD POPULAR	4	0.07
DIGNIDAD POPULAR	5	0.36
DIGNIDAD POPULAR	6	0.05
DIGNIDAD POPULAR	7	0.10
DIGNIDAD POPULAR	8	0.20
DIGNIDAD POPULAR	9	0.13
DIGNIDAD POPULAR	10	0.20
DIGNIDAD POPULAR	11	0.29
DIGNIDAD POPULAR	12	0.25
DIGNIDAD POPULAR	13	0.26
DIGNIDAD POPULAR	14	0.19
DIGNIDAD POPULAR	15	0.26
DIGNIDAD POPULAR	16	0.24
DIGNIDAD POPULAR	17	0.25
DIGNIDAD POPULAR	18	0.42
DIGNIDAD POPULAR	19	0.36
DIGNIDAD POPULAR	20	0.08
DIGNIDAD POPULAR	21	0.04
DIGNIDAD POPULAR	22	0.18
DIGNIDAD POPULAR	23	0.11
DIGNIDAD POPULAR	24	0.05
DIGNIDAD POPULAR	25	0.13
DIGNIDAD POPULAR	26	0.15
DIGNIDAD POPULAR	27	0.11
DIGNIDAD POPULAR	28	0.11
DIGNIDAD POPULAR	29	0.13
DIGNIDAD POPULAR	30	0.14
DIGNIDAD POPULAR	31	0.08
DIGNIDAD POPULAR	32	0.19
DIGNIDAD POPULAR	33	0.26
DIGNIDAD POPULAR	34	0.34
DIGNIDAD POPULAR	35	0.36
DIGNIDAD POPULAR	36	0.40
DIGNIDAD POPULAR	37	0.34
DIGNIDAD POPULAR	38	0.28
DIGNIDAD POPULAR	39	0.27
DIGNIDAD POPULAR	40	0.27
DIGNIDAD POPULAR	41	0.34
DIGNIDAD POPULAR	42	0.20
DIGNIDAD POPULAR	43	0.38
DIGNIDAD POPULAR	44	0.31
DIGNIDAD POPULAR	45	0.31
DIGNIDAD POPULAR	46	0.23
DIGNIDAD POPULAR	47	0.57
DIGNIDAD POPULAR	48	0.21
DIGNIDAD POPULAR	49	0.35
DIGNIDAD POPULAR	50	0.13
DIGNIDAD POPULAR	51	0.15
DIGNIDAD POPULAR	52	0.27
DIGNIDAD POPULAR	53	0.36
DIGNIDAD POPULAR	54	0.33
DIGNIDAD POPULAR	55	0.43
DIGNIDAD POPULAR	56	0.27
DIGNIDAD POPULAR	57	0.30
DIGNIDAD POPULAR	58	0.22
DIGNIDAD POPULAR	59	0.29
DIGNIDAD POPULAR	60	0.17
DIGNIDAD POPULAR	61	0.15
DIGNIDAD POPULAR	62	0.33
DIGNIDAD POPULAR	63	0.19
DIGNIDAD POPULAR	64	0.22
DIGNIDAD POPULAR	65	0.26
DIGNIDAD POPULAR	66	0.26
DIGNIDAD POPULAR	67	0.18
DIGNIDAD POPULAR	68	0.24
DIGNIDAD POPULAR	69	0.17
DIGNIDAD POPULAR	70	0.20
DIGNIDAD POPULAR	71	0.12
DIGNIDAD POPULAR	72	0.25
DIGNIDAD POPULAR	73	0.11
DIGNIDAD POPULAR	74	0.14
DIGNIDAD POPULAR	75	0.16
DIGNIDAD POPULAR	76	0.14
DIGNIDAD POPULAR	77	0.24
DIGNIDAD POPULAR	78	0.34
DIGNIDAD POPULAR	79	0.24
DIGNIDAD POPULAR	80	0.22
DIGNIDAD POPULAR	81	0.24
DIGNIDAD POPULAR	82	0.34
DIGNIDAD POPULAR	83	0.19
DIGNIDAD POPULAR	84	0.25
DIGNIDAD POPULAR	85	0.14
DIGNIDAD POPULAR	86	0.34
DIGNIDAD POPULAR	87	0.38
DIGNIDAD POPULAR	88	0.30
DIGNIDAD POPULAR	89	0.41
DIGNIDAD POPULAR	90	0.40
DIGNIDAD POPULAR	91	0.41
DIGNIDAD POPULAR	92	0.26
DIGNIDAD POPULAR	93	0.31
DIGNIDAD POPULAR	94	0.21
DIGNIDAD POPULAR	95	0.21
DIGNIDAD POPULAR	96	0.37
DIGNIDAD POPULAR	97	0.26
DIGNIDAD POPULAR	98	0.37
DIGNIDAD POPULAR	99	0.27
DIGNIDAD POPULAR	100	0.21
DIGNIDAD POPULAR	101	0.23
DIGNIDAD POPULAR	102	0.17
DIGNIDAD POPULAR	103	0.28
DIGNIDAD POPULAR	104	0.31
DIGNIDAD POPULAR	105	0.18
DIGNIDAD POPULAR	106	0.29
DIGNIDAD POPULAR	107	0.24
DIGNIDAD POPULAR	108	0.28
DIGNIDAD POPULAR	109	0.26
DIGNIDAD POPULAR	110	0.28
DIGNIDAD POPULAR	111	0.22
DIGNIDAD POPULAR	112	0.29
DIGNIDAD POPULAR	113	0.19
DIGNIDAD POPULAR	114	0.23
DIGNIDAD POPULAR	115	0.19
DIGNIDAD POPULAR	116	0.15
DIGNIDAD POPULAR	117	0.27
DIGNIDAD POPULAR	118	0.25
DIGNIDAD POPULAR	119	0.16
DIGNIDAD POPULAR	120	0.20
DIGNIDAD POPULAR	121	0.28
DIGNIDAD POPULAR	122	0.14
DIGNIDAD POPULAR	123	0.20
DIGNIDAD POPULAR	124	0.18
DIGNIDAD POPULAR	125	0.14
DIGNIDAD POPULAR	126	0.25
DIGNIDAD POPULAR	127	0.13
DIGNIDAD POPULAR	128	0.18
DIGNIDAD POPULAR	129	0.20
DIGNIDAD POPULAR	130	0.16
DIGNIDAD POPULAR	131	0.07
DIGNIDAD POPULAR	132	0.14
DIGNIDAD POPULAR	133	0.14
DIGNIDAD POPULAR	134	0.17
DIGNIDAD POPULAR	135	0.06
DIGNIDAD POPULAR	136	0.15
DIGNIDAD POPULAR	137	0.07
DIGNIDAD POPULAR	138	0.15
DIGNIDAD POPULAR	139	0.16
DIGNIDAD POPULAR	140	0.24
DIGNIDAD POPULAR	141	0.14
DIGNIDAD POPULAR	142	0.02
DIGNIDAD POPULAR	143	0.10
DIGNIDAD POPULAR	144	0.09
DIGNIDAD POPULAR	145	0.12
DIGNIDAD POPULAR	146	0.14
DIGNIDAD POPULAR	147	0.21
DIGNIDAD POPULAR	148	0.11
DIGNIDAD POPULAR	149	0.15
DIGNIDAD POPULAR	150	0.04
DIGNIDAD POPULAR	151	0.11
DIGNIDAD POPULAR	152	0.09
DIGNIDAD POPULAR	153	0.13
DIGNIDAD POPULAR	154	0.12
DIGNIDAD POPULAR	155	0.15
DIGNIDAD POPULAR	156	0.14
DIGNIDAD POPULAR	157	0.14
DIGNIDAD POPULAR	158	0.16
DIGNIDAD POPULAR	159	0.17
DIGNIDAD POPULAR	160	0.13
DIGNIDAD POPULAR	161	0.16
DIGNIDAD POPULAR	162	0.29
DIGNIDAD POPULAR	163	0.22
DIGNIDAD POPULAR	164	0.15
DIGNIDAD POPULAR	165	0.17
DIGNIDAD POPULAR	166	0.19
DIGNIDAD POPULAR	167	0.14
FEDERAL	1	0.46
FEDERAL	2	0.50
FEDERAL	3	0.52
FEDERAL	4	0.35
FEDERAL	5	0.30
FEDERAL	6	0.28
FEDERAL	7	0.51
FEDERAL	8	0.45
FEDERAL	9	0.82
FEDERAL	10	0.69
FEDERAL	11	0.57
FEDERAL	12	0.54
FEDERAL	13	0.59
FEDERAL	14	0.77
FEDERAL	15	0.46
FEDERAL	16	0.55
FEDERAL	17	0.51
FEDERAL	18	0.45
FEDERAL	19	0.54
FEDERAL	20	0.31
FEDERAL	21	0.28
FEDERAL	22	0.45
FEDERAL	23	0.40
FEDERAL	24	0.40
FEDERAL	25	0.27
FEDERAL	26	0.41
FEDERAL	27	0.40
FEDERAL	28	0.43
FEDERAL	29	0.38
FEDERAL	30	0.38
FEDERAL	31	0.56
FEDERAL	32	0.44
FEDERAL	33	0.52
FEDERAL	34	0.41
FEDERAL	35	0.58
FEDERAL	36	0.83
FEDERAL	37	0.59
FEDERAL	38	0.45
FEDERAL	39	0.52
FEDERAL	40	0.59
FEDERAL	41	0.48
FEDERAL	42	0.66
FEDERAL	43	0.61
FEDERAL	44	0.64
FEDERAL	45	0.63
FEDERAL	46	0.65
FEDERAL	47	0.62
FEDERAL	48	0.68
FEDERAL	49	0.50
FEDERAL	50	0.42
FEDERAL	51	0.40
FEDERAL	52	0.80
FEDERAL	53	0.51
FEDERAL	54	0.44
FEDERAL	55	0.55
FEDERAL	56	0.66
FEDERAL	57	0.56
FEDERAL	58	0.42
FEDERAL	59	0.58
FEDERAL	60	0.46
FEDERAL	61	0.49
FEDERAL	62	0.49
FEDERAL	63	0.73
FEDERAL	64	0.43
FEDERAL	65	0.34
FEDERAL	66	0.43
FEDERAL	67	0.48
FEDERAL	68	0.37
FEDERAL	69	0.43
FEDERAL	70	0.45
FEDERAL	71	0.56
FEDERAL	72	0.59
FEDERAL	73	0.51
FEDERAL	74	0.37
FEDERAL	75	0.54
FEDERAL	76	0.59
FEDERAL	77	0.69
FEDERAL	78	0.47
FEDERAL	79	0.55
FEDERAL	80	0.67
FEDERAL	81	0.39
FEDERAL	82	0.59
FEDERAL	83	0.62
FEDERAL	84	0.46
FEDERAL	85	0.45
FEDERAL	86	0.49
FEDERAL	87	0.58
FEDERAL	88	0.79
FEDERAL	89	0.58
FEDERAL	90	0.56
FEDERAL	91	0.45
FEDERAL	92	0.58
FEDERAL	93	0.71
FEDERAL	94	0.44
FEDERAL	95	0.76
FEDERAL	96	0.81
FEDERAL	97	0.65
FEDERAL	98	0.72
FEDERAL	99	0.75
FEDERAL	100	0.88
FEDERAL	101	0.73
FEDERAL	102	0.59
FEDERAL	103	0.66
FEDERAL	104	0.50
FEDERAL	105	0.55
FEDERAL	106	0.49
FEDERAL	107	0.55
FEDERAL	108	0.60
FEDERAL	109	0.52
FEDERAL	110	0.47
FEDERAL	111	0.78
FEDERAL	112	0.59
FEDERAL	113	0.60
FEDERAL	114	0.54
FEDERAL	115	0.70
FEDERAL	116	0.55
FEDERAL	117	0.44
FEDERAL	118	0.59
FEDERAL	119	0.54
FEDERAL	120	0.52
FEDERAL	121	0.57
FEDERAL	122	0.40
FEDERAL	123	0.55
FEDERAL	124	0.68
FEDERAL	125	0.56
FEDERAL	126	0.48
FEDERAL	127	0.46
FEDERAL	128	0.53
FEDERAL	129	0.50
FEDERAL	130	0.47
FEDERAL	131	0.68
FEDERAL	132	0.59
FEDERAL	133	0.40
FEDERAL	134	0.34
FEDERAL	135	0.37
FEDERAL	136	0.48
FEDERAL	137	0.48
FEDERAL	138	0.28
FEDERAL	139	0.44
FEDERAL	140	0.30
FEDERAL	141	0.43
FEDERAL	142	0.26
FEDERAL	143	0.38
FEDERAL	144	0.32
FEDERAL	145	0.45
FEDERAL	146	0.51
FEDERAL	147	0.41
FEDERAL	148	0.35
FEDERAL	149	0.27
FEDERAL	150	0.18
FEDERAL	151	0.30
FEDERAL	152	0.43
FEDERAL	153	0.47
FEDERAL	154	0.48
FEDERAL	155	0.44
FEDERAL	156	0.56
FEDERAL	157	0.44
FEDERAL	158	0.33
FEDERAL	159	0.43
FEDERAL	160	0.46
FEDERAL	161	0.37
FEDERAL	162	0.64
FEDERAL	163	0.47
FEDERAL	164	0.50
FEDERAL	165	0.54
FEDERAL	166	0.57
FEDERAL	167	0.45
FRENTE DE IZQUIERDA Y DE TRABAJADORES - UNIDAD	1	8.21
FRENTE DE IZQUIERDA Y DE TRABAJADORES - UNIDAD	2	8.08
FRENTE DE IZQUIERDA Y DE TRABAJADORES - UNIDAD	3	1.92
FRENTE DE IZQUIERDA Y DE TRABAJADORES - UNIDAD	4	1.34
FRENTE DE IZQUIERDA Y DE TRABAJADORES - UNIDAD	5	7.50
FRENTE DE IZQUIERDA Y DE TRABAJADORES - UNIDAD	6	1.89
FRENTE DE IZQUIERDA Y DE TRABAJADORES - UNIDAD	7	3.36
FRENTE DE IZQUIERDA Y DE TRABAJADORES - UNIDAD	8	3.81
FRENTE DE IZQUIERDA Y DE TRABAJADORES - UNIDAD	9	4.32
FRENTE DE IZQUIERDA Y DE TRABAJADORES - UNIDAD	10	5.47
FRENTE DE IZQUIERDA Y DE TRABAJADORES - UNIDAD	11	5.98
FRENTE DE IZQUIERDA Y DE TRABAJADORES - UNIDAD	12	6.88
FRENTE DE IZQUIERDA Y DE TRABAJADORES - UNIDAD	13	6.79
FRENTE DE IZQUIERDA Y DE TRABAJADORES - UNIDAD	14	4.71
FRENTE DE IZQUIERDA Y DE TRABAJADORES - UNIDAD	15	7.78
FRENTE DE IZQUIERDA Y DE TRABAJADORES - UNIDAD	16	7.40
FRENTE DE IZQUIERDA Y DE TRABAJADORES - UNIDAD	17	7.65
FRENTE DE IZQUIERDA Y DE TRABAJADORES - UNIDAD	18	8.31
FRENTE DE IZQUIERDA Y DE TRABAJADORES - UNIDAD	19	7.46
FRENTE DE IZQUIERDA Y DE TRABAJADORES - UNIDAD	20	3.22
FRENTE DE IZQUIERDA Y DE TRABAJADORES - UNIDAD	21	1.95
FRENTE DE IZQUIERDA Y DE TRABAJADORES - UNIDAD	22	4.62
FRENTE DE IZQUIERDA Y DE TRABAJADORES - UNIDAD	23	4.57
FRENTE DE IZQUIERDA Y DE TRABAJADORES - UNIDAD	24	3.76
FRENTE DE IZQUIERDA Y DE TRABAJADORES - UNIDAD	25	3.04
FRENTE DE IZQUIERDA Y DE TRABAJADORES - UNIDAD	26	2.68
FRENTE DE IZQUIERDA Y DE TRABAJADORES - UNIDAD	27	4.91
FRENTE DE IZQUIERDA Y DE TRABAJADORES - UNIDAD	28	5.94
FRENTE DE IZQUIERDA Y DE TRABAJADORES - UNIDAD	29	5.75
FRENTE DE IZQUIERDA Y DE TRABAJADORES - UNIDAD	30	6.03
FRENTE DE IZQUIERDA Y DE TRABAJADORES - UNIDAD	31	5.48
FRENTE DE IZQUIERDA Y DE TRABAJADORES - UNIDAD	32	7.24
FRENTE DE IZQUIERDA Y DE TRABAJADORES - UNIDAD	33	7.07
FRENTE DE IZQUIERDA Y DE TRABAJADORES - UNIDAD	34	6.74
FRENTE DE IZQUIERDA Y DE TRABAJADORES - UNIDAD	35	7.74
FRENTE DE IZQUIERDA Y DE TRABAJADORES - UNIDAD	36	8.96
FRENTE DE IZQUIERDA Y DE TRABAJADORES - UNIDAD	37	7.45
FRENTE DE IZQUIERDA Y DE TRABAJADORES - UNIDAD	38	7.16
FRENTE DE IZQUIERDA Y DE TRABAJADORES - UNIDAD	39	7.20
FRENTE DE IZQUIERDA Y DE TRABAJADORES - UNIDAD	40	7.31
FRENTE DE IZQUIERDA Y DE TRABAJADORES - UNIDAD	41	7.33
FRENTE DE IZQUIERDA Y DE TRABAJADORES - UNIDAD	42	6.84
FRENTE DE IZQUIERDA Y DE TRABAJADORES - UNIDAD	43	7.45
FRENTE DE IZQUIERDA Y DE TRABAJADORES - UNIDAD	44	8.32
FRENTE DE IZQUIERDA Y DE TRABAJADORES - UNIDAD	45	6.91
FRENTE DE IZQUIERDA Y DE TRABAJADORES - UNIDAD	46	7.81
FRENTE DE IZQUIERDA Y DE TRABAJADORES - UNIDAD	47	6.59
FRENTE DE IZQUIERDA Y DE TRABAJADORES - UNIDAD	48	6.47
FRENTE DE IZQUIERDA Y DE TRABAJADORES - UNIDAD	49	6.45
FRENTE DE IZQUIERDA Y DE TRABAJADORES - UNIDAD	50	5.99
FRENTE DE IZQUIERDA Y DE TRABAJADORES - UNIDAD	51	5.42
FRENTE DE IZQUIERDA Y DE TRABAJADORES - UNIDAD	52	6.95
FRENTE DE IZQUIERDA Y DE TRABAJADORES - UNIDAD	53	6.97
FRENTE DE IZQUIERDA Y DE TRABAJADORES - UNIDAD	54	7.76
FRENTE DE IZQUIERDA Y DE TRABAJADORES - UNIDAD	55	6.31
FRENTE DE IZQUIERDA Y DE TRABAJADORES - UNIDAD	56	6.35
FRENTE DE IZQUIERDA Y DE TRABAJADORES - UNIDAD	57	6.77
FRENTE DE IZQUIERDA Y DE TRABAJADORES - UNIDAD	58	7.45
FRENTE DE IZQUIERDA Y DE TRABAJADORES - UNIDAD	59	7.74
FRENTE DE IZQUIERDA Y DE TRABAJADORES - UNIDAD	60	7.81
FRENTE DE IZQUIERDA Y DE TRABAJADORES - UNIDAD	61	7.21
FRENTE DE IZQUIERDA Y DE TRABAJADORES - UNIDAD	62	7.35
FRENTE DE IZQUIERDA Y DE TRABAJADORES - UNIDAD	63	7.46
FRENTE DE IZQUIERDA Y DE TRABAJADORES - UNIDAD	64	7.95
FRENTE DE IZQUIERDA Y DE TRABAJADORES - UNIDAD	65	7.79
FRENTE DE IZQUIERDA Y DE TRABAJADORES - UNIDAD	66	8.59
FRENTE DE IZQUIERDA Y DE TRABAJADORES - UNIDAD	67	8.77
FRENTE DE IZQUIERDA Y DE TRABAJADORES - UNIDAD	68	8.31
FRENTE DE IZQUIERDA Y DE TRABAJADORES - UNIDAD	69	5.94
FRENTE DE IZQUIERDA Y DE TRABAJADORES - UNIDAD	70	7.06
FRENTE DE IZQUIERDA Y DE TRABAJADORES - UNIDAD	71	5.90
FRENTE DE IZQUIERDA Y DE TRABAJADORES - UNIDAD	72	8.26
FRENTE DE IZQUIERDA Y DE TRABAJADORES - UNIDAD	73	8.28
FRENTE DE IZQUIERDA Y DE TRABAJADORES - UNIDAD	74	5.68
FRENTE DE IZQUIERDA Y DE TRABAJADORES - UNIDAD	75	7.23
FRENTE DE IZQUIERDA Y DE TRABAJADORES - UNIDAD	76	6.64
FRENTE DE IZQUIERDA Y DE TRABAJADORES - UNIDAD	77	7.00
FRENTE DE IZQUIERDA Y DE TRABAJADORES - UNIDAD	78	6.35
FRENTE DE IZQUIERDA Y DE TRABAJADORES - UNIDAD	79	6.75
FRENTE DE IZQUIERDA Y DE TRABAJADORES - UNIDAD	80	6.87
FRENTE DE IZQUIERDA Y DE TRABAJADORES - UNIDAD	81	6.35
FRENTE DE IZQUIERDA Y DE TRABAJADORES - UNIDAD	82	6.66
FRENTE DE IZQUIERDA Y DE TRABAJADORES - UNIDAD	83	5.45
FRENTE DE IZQUIERDA Y DE TRABAJADORES - UNIDAD	84	6.59
FRENTE DE IZQUIERDA Y DE TRABAJADORES - UNIDAD	85	6.49
FRENTE DE IZQUIERDA Y DE TRABAJADORES - UNIDAD	86	6.71
FRENTE DE IZQUIERDA Y DE TRABAJADORES - UNIDAD	87	6.63
FRENTE DE IZQUIERDA Y DE TRABAJADORES - UNIDAD	88	5.31
FRENTE DE IZQUIERDA Y DE TRABAJADORES - UNIDAD	89	6.30
FRENTE DE IZQUIERDA Y DE TRABAJADORES - UNIDAD	90	5.77
FRENTE DE IZQUIERDA Y DE TRABAJADORES - UNIDAD	91	6.70
FRENTE DE IZQUIERDA Y DE TRABAJADORES - UNIDAD	92	6.75
FRENTE DE IZQUIERDA Y DE TRABAJADORES - UNIDAD	93	6.94
FRENTE DE IZQUIERDA Y DE TRABAJADORES - UNIDAD	94	7.41
FRENTE DE IZQUIERDA Y DE TRABAJADORES - UNIDAD	95	5.68
FRENTE DE IZQUIERDA Y DE TRABAJADORES - UNIDAD	96	6.84
FRENTE DE IZQUIERDA Y DE TRABAJADORES - UNIDAD	97	5.76
FRENTE DE IZQUIERDA Y DE TRABAJADORES - UNIDAD	98	5.01
FRENTE DE IZQUIERDA Y DE TRABAJADORES - UNIDAD	99	5.26
FRENTE DE IZQUIERDA Y DE TRABAJADORES - UNIDAD	100	4.92
FRENTE DE IZQUIERDA Y DE TRABAJADORES - UNIDAD	101	6.00
FRENTE DE IZQUIERDA Y DE TRABAJADORES - UNIDAD	102	5.78
FRENTE DE IZQUIERDA Y DE TRABAJADORES - UNIDAD	103	5.61
FRENTE DE IZQUIERDA Y DE TRABAJADORES - UNIDAD	104	6.43
FRENTE DE IZQUIERDA Y DE TRABAJADORES - UNIDAD	105	6.45
FRENTE DE IZQUIERDA Y DE TRABAJADORES - UNIDAD	106	6.54
FRENTE DE IZQUIERDA Y DE TRABAJADORES - UNIDAD	107	6.84
FRENTE DE IZQUIERDA Y DE TRABAJADORES - UNIDAD	108	6.72
FRENTE DE IZQUIERDA Y DE TRABAJADORES - UNIDAD	109	7.16
FRENTE DE IZQUIERDA Y DE TRABAJADORES - UNIDAD	110	7.17
FRENTE DE IZQUIERDA Y DE TRABAJADORES - UNIDAD	111	6.21
FRENTE DE IZQUIERDA Y DE TRABAJADORES - UNIDAD	112	6.99
FRENTE DE IZQUIERDA Y DE TRABAJADORES - UNIDAD	113	6.37
FRENTE DE IZQUIERDA Y DE TRABAJADORES - UNIDAD	114	6.81
FRENTE DE IZQUIERDA Y DE TRABAJADORES - UNIDAD	115	7.44
FRENTE DE IZQUIERDA Y DE TRABAJADORES - UNIDAD	116	7.14
FRENTE DE IZQUIERDA Y DE TRABAJADORES - UNIDAD	117	6.86
FRENTE DE IZQUIERDA Y DE TRABAJADORES - UNIDAD	118	5.83
FRENTE DE IZQUIERDA Y DE TRABAJADORES - UNIDAD	119	6.38
FRENTE DE IZQUIERDA Y DE TRABAJADORES - UNIDAD	120	5.33
FRENTE DE IZQUIERDA Y DE TRABAJADORES - UNIDAD	121	4.94
FRENTE DE IZQUIERDA Y DE TRABAJADORES - UNIDAD	122	4.05
FRENTE DE IZQUIERDA Y DE TRABAJADORES - UNIDAD	123	5.60
FRENTE DE IZQUIERDA Y DE TRABAJADORES - UNIDAD	124	6.74
FRENTE DE IZQUIERDA Y DE TRABAJADORES - UNIDAD	125	6.28
FRENTE DE IZQUIERDA Y DE TRABAJADORES - UNIDAD	126	6.60
FRENTE DE IZQUIERDA Y DE TRABAJADORES - UNIDAD	127	5.47
FRENTE DE IZQUIERDA Y DE TRABAJADORES - UNIDAD	128	6.73
FRENTE DE IZQUIERDA Y DE TRABAJADORES - UNIDAD	129	6.63
FRENTE DE IZQUIERDA Y DE TRABAJADORES - UNIDAD	130	6.90
FRENTE DE IZQUIERDA Y DE TRABAJADORES - UNIDAD	131	6.32
FRENTE DE IZQUIERDA Y DE TRABAJADORES - UNIDAD	132	6.43
FRENTE DE IZQUIERDA Y DE TRABAJADORES - UNIDAD	133	6.09
FRENTE DE IZQUIERDA Y DE TRABAJADORES - UNIDAD	134	5.07
FRENTE DE IZQUIERDA Y DE TRABAJADORES - UNIDAD	135	5.40
FRENTE DE IZQUIERDA Y DE TRABAJADORES - UNIDAD	136	5.93
FRENTE DE IZQUIERDA Y DE TRABAJADORES - UNIDAD	137	6.56
FRENTE DE IZQUIERDA Y DE TRABAJADORES - UNIDAD	138	5.41
FRENTE DE IZQUIERDA Y DE TRABAJADORES - UNIDAD	139	5.37
FRENTE DE IZQUIERDA Y DE TRABAJADORES - UNIDAD	140	5.81
FRENTE DE IZQUIERDA Y DE TRABAJADORES - UNIDAD	141	4.56
FRENTE DE IZQUIERDA Y DE TRABAJADORES - UNIDAD	142	3.30
FRENTE DE IZQUIERDA Y DE TRABAJADORES - UNIDAD	143	4.79
FRENTE DE IZQUIERDA Y DE TRABAJADORES - UNIDAD	144	5.69
FRENTE DE IZQUIERDA Y DE TRABAJADORES - UNIDAD	145	7.47
FRENTE DE IZQUIERDA Y DE TRABAJADORES - UNIDAD	146	7.41
FRENTE DE IZQUIERDA Y DE TRABAJADORES - UNIDAD	147	5.12
FRENTE DE IZQUIERDA Y DE TRABAJADORES - UNIDAD	148	4.15
FRENTE DE IZQUIERDA Y DE TRABAJADORES - UNIDAD	149	3.64
FRENTE DE IZQUIERDA Y DE TRABAJADORES - UNIDAD	150	1.96
FRENTE DE IZQUIERDA Y DE TRABAJADORES - UNIDAD	151	3.44
FRENTE DE IZQUIERDA Y DE TRABAJADORES - UNIDAD	152	4.20
FRENTE DE IZQUIERDA Y DE TRABAJADORES - UNIDAD	153	6.18
FRENTE DE IZQUIERDA Y DE TRABAJADORES - UNIDAD	154	6.48
FRENTE DE IZQUIERDA Y DE TRABAJADORES - UNIDAD	155	6.15
FRENTE DE IZQUIERDA Y DE TRABAJADORES - UNIDAD	156	8.50
FRENTE DE IZQUIERDA Y DE TRABAJADORES - UNIDAD	157	8.21
FRENTE DE IZQUIERDA Y DE TRABAJADORES - UNIDAD	158	8.41
FRENTE DE IZQUIERDA Y DE TRABAJADORES - UNIDAD	159	8.11
FRENTE DE IZQUIERDA Y DE TRABAJADORES - UNIDAD	160	8.09
FRENTE DE IZQUIERDA Y DE TRABAJADORES - UNIDAD	161	8.14
FRENTE DE IZQUIERDA Y DE TRABAJADORES - UNIDAD	162	8.43
FRENTE DE IZQUIERDA Y DE TRABAJADORES - UNIDAD	163	9.09
FRENTE DE IZQUIERDA Y DE TRABAJADORES - UNIDAD	164	8.66
FRENTE DE IZQUIERDA Y DE TRABAJADORES - UNIDAD	165	7.47
FRENTE DE IZQUIERDA Y DE TRABAJADORES - UNIDAD	166	8.00
FRENTE DE IZQUIERDA Y DE TRABAJADORES - UNIDAD	167	6.88
FRENTE DE TODOS	1	32.21
FRENTE DE TODOS	2	35.07
FRENTE DE TODOS	3	10.48
FRENTE DE TODOS	4	9.73
FRENTE DE TODOS	5	48.63
FRENTE DE TODOS	6	7.19
FRENTE DE TODOS	7	11.94
FRENTE DE TODOS	8	16.91
FRENTE DE TODOS	9	18.66
FRENTE DE TODOS	10	21.42
FRENTE DE TODOS	11	28.42
FRENTE DE TODOS	12	27.98
FRENTE DE TODOS	13	27.91
FRENTE DE TODOS	14	26.69
FRENTE DE TODOS	15	33.04
FRENTE DE TODOS	16	31.66
FRENTE DE TODOS	17	31.21
FRENTE DE TODOS	18	32.29
FRENTE DE TODOS	19	34.98
FRENTE DE TODOS	20	16.63
FRENTE DE TODOS	21	7.40
FRENTE DE TODOS	22	14.44
FRENTE DE TODOS	23	15.37
FRENTE DE TODOS	24	11.86
FRENTE DE TODOS	25	10.05
FRENTE DE TODOS	26	9.53
FRENTE DE TODOS	27	16.06
FRENTE DE TODOS	28	19.94
FRENTE DE TODOS	29	19.88
FRENTE DE TODOS	30	22.49
FRENTE DE TODOS	31	22.62
FRENTE DE TODOS	32	24.58
FRENTE DE TODOS	33	26.61
FRENTE DE TODOS	34	25.58
FRENTE DE TODOS	35	28.84
FRENTE DE TODOS	36	32.43
FRENTE DE TODOS	37	30.23
FRENTE DE TODOS	38	29.06
FRENTE DE TODOS	39	28.19
FRENTE DE TODOS	40	28.54
FRENTE DE TODOS	41	31.38
FRENTE DE TODOS	42	30.01
FRENTE DE TODOS	43	30.37
FRENTE DE TODOS	44	31.67
FRENTE DE TODOS	45	35.24
FRENTE DE TODOS	46	32.99
FRENTE DE TODOS	47	51.19
FRENTE DE TODOS	48	28.36
FRENTE DE TODOS	49	31.85
FRENTE DE TODOS	50	25.31
FRENTE DE TODOS	51	24.77
FRENTE DE TODOS	52	34.34
FRENTE DE TODOS	53	35.09
FRENTE DE TODOS	54	30.52
FRENTE DE TODOS	55	35.03
FRENTE DE TODOS	56	35.12
FRENTE DE TODOS	57	31.46
FRENTE DE TODOS	58	31.40
FRENTE DE TODOS	59	31.85
FRENTE DE TODOS	60	30.37
FRENTE DE TODOS	61	25.66
FRENTE DE TODOS	62	29.71
FRENTE DE TODOS	63	26.88
FRENTE DE TODOS	64	27.62
FRENTE DE TODOS	65	25.54
FRENTE DE TODOS	66	26.92
FRENTE DE TODOS	67	26.85
FRENTE DE TODOS	68	26.83
FRENTE DE TODOS	69	21.21
FRENTE DE TODOS	70	25.30
FRENTE DE TODOS	71	22.03
FRENTE DE TODOS	72	27.50
FRENTE DE TODOS	73	26.01
FRENTE DE TODOS	74	20.37
FRENTE DE TODOS	75	26.47
FRENTE DE TODOS	76	26.39
FRENTE DE TODOS	77	30.57
FRENTE DE TODOS	78	30.81
FRENTE DE TODOS	79	24.08
FRENTE DE TODOS	80	23.92
FRENTE DE TODOS	81	23.49
FRENTE DE TODOS	82	25.35
FRENTE DE TODOS	83	20.89
FRENTE DE TODOS	84	27.71
FRENTE DE TODOS	85	23.95
FRENTE DE TODOS	86	38.70
FRENTE DE TODOS	87	42.22
FRENTE DE TODOS	88	27.79
FRENTE DE TODOS	89	34.72
FRENTE DE TODOS	90	37.74
FRENTE DE TODOS	91	41.06
FRENTE DE TODOS	92	28.67
FRENTE DE TODOS	93	32.65
FRENTE DE TODOS	94	31.44
FRENTE DE TODOS	95	29.29
FRENTE DE TODOS	96	31.36
FRENTE DE TODOS	97	34.71
FRENTE DE TODOS	98	27.63
FRENTE DE TODOS	99	24.58
FRENTE DE TODOS	100	25.45
FRENTE DE TODOS	101	25.98
FRENTE DE TODOS	102	23.11
FRENTE DE TODOS	103	24.00
FRENTE DE TODOS	104	26.34
FRENTE DE TODOS	105	24.73
FRENTE DE TODOS	106	25.90
FRENTE DE TODOS	107	26.72
FRENTE DE TODOS	108	27.28
FRENTE DE TODOS	109	26.37
FRENTE DE TODOS	110	29.68
FRENTE DE TODOS	111	26.41
FRENTE DE TODOS	112	27.09
FRENTE DE TODOS	113	26.41
FRENTE DE TODOS	114	26.90
FRENTE DE TODOS	115	28.77
FRENTE DE TODOS	116	28.63
FRENTE DE TODOS	117	25.36
FRENTE DE TODOS	118	22.57
FRENTE DE TODOS	119	22.80
FRENTE DE TODOS	120	21.19
FRENTE DE TODOS	121	22.30
FRENTE DE TODOS	122	16.07
FRENTE DE TODOS	123	21.48
FRENTE DE TODOS	124	27.83
FRENTE DE TODOS	125	23.99
FRENTE DE TODOS	126	23.94
FRENTE DE TODOS	127	18.64
FRENTE DE TODOS	128	23.06
FRENTE DE TODOS	129	22.17
FRENTE DE TODOS	130	22.23
FRENTE DE TODOS	131	23.07
FRENTE DE TODOS	132	25.40
FRENTE DE TODOS	133	22.04
FRENTE DE TODOS	134	17.25
FRENTE DE TODOS	135	17.41
FRENTE DE TODOS	136	19.03
FRENTE DE TODOS	137	20.00
FRENTE DE TODOS	138	15.68
FRENTE DE TODOS	139	14.73
FRENTE DE TODOS	140	17.77
FRENTE DE TODOS	141	15.05
FRENTE DE TODOS	142	8.53
FRENTE DE TODOS	143	14.78
FRENTE DE TODOS	144	12.52
FRENTE DE TODOS	145	22.44
FRENTE DE TODOS	146	24.74
FRENTE DE TODOS	147	15.26
FRENTE DE TODOS	148	12.78
FRENTE DE TODOS	149	11.71
FRENTE DE TODOS	150	7.64
FRENTE DE TODOS	151	11.75
FRENTE DE TODOS	152	13.83
FRENTE DE TODOS	153	19.19
FRENTE DE TODOS	154	21.97
FRENTE DE TODOS	155	23.21
FRENTE DE TODOS	156	27.06
FRENTE DE TODOS	157	26.63
FRENTE DE TODOS	158	26.66
FRENTE DE TODOS	159	28.51
FRENTE DE TODOS	160	25.76
FRENTE DE TODOS	161	28.04
FRENTE DE TODOS	162	31.85
FRENTE DE TODOS	163	33.72
FRENTE DE TODOS	164	29.88
FRENTE DE TODOS	165	25.75
FRENTE DE TODOS	166	29.04
FRENTE DE TODOS	167	24.81
JUNTOS POR EL CAMBIO	1	39.58
JUNTOS POR EL CAMBIO	2	37.54
JUNTOS POR EL CAMBIO	3	65.60
JUNTOS POR EL CAMBIO	4	71.51
JUNTOS POR EL CAMBIO	5	25.08
JUNTOS POR EL CAMBIO	6	75.02
JUNTOS POR EL CAMBIO	7	66.46
JUNTOS POR EL CAMBIO	8	60.54
JUNTOS POR EL CAMBIO	9	55.03
JUNTOS POR EL CAMBIO	10	53.07
JUNTOS POR EL CAMBIO	11	44.07
JUNTOS POR EL CAMBIO	12	45.20
JUNTOS POR EL CAMBIO	13	44.70
JUNTOS POR EL CAMBIO	14	45.74
JUNTOS POR EL CAMBIO	15	38.71
JUNTOS POR EL CAMBIO	16	41.13
JUNTOS POR EL CAMBIO	17	41.20
JUNTOS POR EL CAMBIO	18	38.06
JUNTOS POR EL CAMBIO	19	36.02
JUNTOS POR EL CAMBIO	20	63.53
JUNTOS POR EL CAMBIO	21	74.50
JUNTOS POR EL CAMBIO	22	64.19
JUNTOS POR EL CAMBIO	23	62.87
JUNTOS POR EL CAMBIO	24	66.56
JUNTOS POR EL CAMBIO	25	70.56
JUNTOS POR EL CAMBIO	26	70.19
JUNTOS POR EL CAMBIO	27	61.35
JUNTOS POR EL CAMBIO	28	56.40
JUNTOS POR EL CAMBIO	29	57.24
JUNTOS POR EL CAMBIO	30	50.41
JUNTOS POR EL CAMBIO	31	50.34
JUNTOS POR EL CAMBIO	32	48.89
JUNTOS POR EL CAMBIO	33	45.86
JUNTOS POR EL CAMBIO	34	46.64
JUNTOS POR EL CAMBIO	35	41.39
JUNTOS POR EL CAMBIO	36	36.66
JUNTOS POR EL CAMBIO	37	41.39
JUNTOS POR EL CAMBIO	38	43.30
JUNTOS POR EL CAMBIO	39	43.40
JUNTOS POR EL CAMBIO	40	44.03
JUNTOS POR EL CAMBIO	41	40.52
JUNTOS POR EL CAMBIO	42	42.11
JUNTOS POR EL CAMBIO	43	41.08
JUNTOS POR EL CAMBIO	44	40.75
JUNTOS POR EL CAMBIO	45	38.74
JUNTOS POR EL CAMBIO	46	37.43
JUNTOS POR EL CAMBIO	47	23.03
JUNTOS POR EL CAMBIO	48	46.30
JUNTOS POR EL CAMBIO	49	39.03
JUNTOS POR EL CAMBIO	50	50.20
JUNTOS POR EL CAMBIO	51	49.63
JUNTOS POR EL CAMBIO	52	37.10
JUNTOS POR EL CAMBIO	53	36.98
JUNTOS POR EL CAMBIO	54	42.04
JUNTOS POR EL CAMBIO	55	36.96
JUNTOS POR EL CAMBIO	56	37.46
JUNTOS POR EL CAMBIO	57	39.64
JUNTOS POR EL CAMBIO	58	40.12
JUNTOS POR EL CAMBIO	59	40.86
JUNTOS POR EL CAMBIO	60	43.88
JUNTOS POR EL CAMBIO	61	48.13
JUNTOS POR EL CAMBIO	62	41.65
JUNTOS POR EL CAMBIO	63	46.48
JUNTOS POR EL CAMBIO	64	45.54
JUNTOS POR EL CAMBIO	65	45.13
JUNTOS POR EL CAMBIO	66	45.01
JUNTOS POR EL CAMBIO	67	45.87
JUNTOS POR EL CAMBIO	68	46.59
JUNTOS POR EL CAMBIO	69	54.93
JUNTOS POR EL CAMBIO	70	48.65
JUNTOS POR EL CAMBIO	71	53.42
JUNTOS POR EL CAMBIO	72	43.90
JUNTOS POR EL CAMBIO	73	47.05
JUNTOS POR EL CAMBIO	74	55.35
JUNTOS POR EL CAMBIO	75	46.22
JUNTOS POR EL CAMBIO	76	46.86
JUNTOS POR EL CAMBIO	77	40.81
JUNTOS POR EL CAMBIO	78	41.20
JUNTOS POR EL CAMBIO	79	48.20
JUNTOS POR EL CAMBIO	80	48.24
JUNTOS POR EL CAMBIO	81	50.99
JUNTOS POR EL CAMBIO	82	47.29
JUNTOS POR EL CAMBIO	83	53.75
JUNTOS POR EL CAMBIO	84	43.94
JUNTOS POR EL CAMBIO	85	49.13
JUNTOS POR EL CAMBIO	86	30.90
JUNTOS POR EL CAMBIO	87	30.10
JUNTOS POR EL CAMBIO	88	43.61
JUNTOS POR EL CAMBIO	89	36.90
JUNTOS POR EL CAMBIO	90	35.78
JUNTOS POR EL CAMBIO	91	27.12
JUNTOS POR EL CAMBIO	92	41.88
JUNTOS POR EL CAMBIO	93	39.03
JUNTOS POR EL CAMBIO	94	40.50
JUNTOS POR EL CAMBIO	95	43.57
JUNTOS POR EL CAMBIO	96	39.74
JUNTOS POR EL CAMBIO	97	38.36
JUNTOS POR EL CAMBIO	98	45.67
JUNTOS POR EL CAMBIO	99	49.18
JUNTOS POR EL CAMBIO	100	48.58
JUNTOS POR EL CAMBIO	101	46.90
JUNTOS POR EL CAMBIO	102	48.63
JUNTOS POR EL CAMBIO	103	46.55
JUNTOS POR EL CAMBIO	104	44.39
JUNTOS POR EL CAMBIO	105	47.49
JUNTOS POR EL CAMBIO	106	44.48
JUNTOS POR EL CAMBIO	107	45.50
JUNTOS POR EL CAMBIO	108	44.19
JUNTOS POR EL CAMBIO	109	44.56
JUNTOS POR EL CAMBIO	110	43.37
JUNTOS POR EL CAMBIO	111	45.61
JUNTOS POR EL CAMBIO	112	43.13
JUNTOS POR EL CAMBIO	113	44.36
JUNTOS POR EL CAMBIO	114	45.69
JUNTOS POR EL CAMBIO	115	43.57
JUNTOS POR EL CAMBIO	116	42.90
JUNTOS POR EL CAMBIO	117	47.19
JUNTOS POR EL CAMBIO	118	51.52
JUNTOS POR EL CAMBIO	119	50.28
JUNTOS POR EL CAMBIO	120	51.69
JUNTOS POR EL CAMBIO	121	50.10
JUNTOS POR EL CAMBIO	122	59.10
JUNTOS POR EL CAMBIO	123	51.16
JUNTOS POR EL CAMBIO	124	45.35
JUNTOS POR EL CAMBIO	125	48.89
JUNTOS POR EL CAMBIO	126	48.59
JUNTOS POR EL CAMBIO	127	56.46
JUNTOS POR EL CAMBIO	128	50.31
JUNTOS POR EL CAMBIO	129	52.27
JUNTOS POR EL CAMBIO	130	51.69
JUNTOS POR EL CAMBIO	131	49.71
JUNTOS POR EL CAMBIO	132	47.58
JUNTOS POR EL CAMBIO	133	52.43
JUNTOS POR EL CAMBIO	134	58.61
JUNTOS POR EL CAMBIO	135	59.14
JUNTOS POR EL CAMBIO	136	56.35
JUNTOS POR EL CAMBIO	137	55.11
JUNTOS POR EL CAMBIO	138	62.23
JUNTOS POR EL CAMBIO	139	62.37
JUNTOS POR EL CAMBIO	140	58.39
JUNTOS POR EL CAMBIO	141	61.81
JUNTOS POR EL CAMBIO	142	72.12
JUNTOS POR EL CAMBIO	143	63.26
JUNTOS POR EL CAMBIO	144	65.25
JUNTOS POR EL CAMBIO	145	51.92
JUNTOS POR EL CAMBIO	146	49.28
JUNTOS POR EL CAMBIO	147	61.95
JUNTOS POR EL CAMBIO	148	65.75
JUNTOS POR EL CAMBIO	149	66.36
JUNTOS POR EL CAMBIO	150	75.63
JUNTOS POR EL CAMBIO	151	68.75
JUNTOS POR EL CAMBIO	152	66.32
JUNTOS POR EL CAMBIO	153	57.52
JUNTOS POR EL CAMBIO	154	54.57
JUNTOS POR EL CAMBIO	155	51.46
JUNTOS POR EL CAMBIO	156	46.34
JUNTOS POR EL CAMBIO	157	46.98
JUNTOS POR EL CAMBIO	158	46.32
JUNTOS POR EL CAMBIO	159	43.87
JUNTOS POR EL CAMBIO	160	46.54
JUNTOS POR EL CAMBIO	161	43.69
JUNTOS POR EL CAMBIO	162	38.40
JUNTOS POR EL CAMBIO	163	38.50
JUNTOS POR EL CAMBIO	164	43.05
JUNTOS POR EL CAMBIO	165	47.32
JUNTOS POR EL CAMBIO	166	42.93
JUNTOS POR EL CAMBIO	167	48.01
LA LIBERTAD AVANZA	1	13.27
LA LIBERTAD AVANZA	2	12.80
LA LIBERTAD AVANZA	3	20.02
LA LIBERTAD AVANZA	4	16.01
LA LIBERTAD AVANZA	5	12.90
LA LIBERTAD AVANZA	6	13.98
LA LIBERTAD AVANZA	7	14.91
LA LIBERTAD AVANZA	8	14.38
LA LIBERTAD AVANZA	9	17.25
LA LIBERTAD AVANZA	10	14.12
LA LIBERTAD AVANZA	11	15.35
LA LIBERTAD AVANZA	12	13.86
LA LIBERTAD AVANZA	13	13.76
LA LIBERTAD AVANZA	14	16.41
LA LIBERTAD AVANZA	15	13.27
LA LIBERTAD AVANZA	16	12.76
LA LIBERTAD AVANZA	17	13.21
LA LIBERTAD AVANZA	18	14.53
LA LIBERTAD AVANZA	19	14.42
LA LIBERTAD AVANZA	20	13.55
LA LIBERTAD AVANZA	21	14.12
LA LIBERTAD AVANZA	22	12.64
LA LIBERTAD AVANZA	23	12.88
LA LIBERTAD AVANZA	24	14.22
LA LIBERTAD AVANZA	25	13.77
LA LIBERTAD AVANZA	26	14.93
LA LIBERTAD AVANZA	27	13.80
LA LIBERTAD AVANZA	28	13.18
LA LIBERTAD AVANZA	29	12.19
LA LIBERTAD AVANZA	30	15.76
LA LIBERTAD AVANZA	31	16.35
LA LIBERTAD AVANZA	32	13.30
LA LIBERTAD AVANZA	33	14.70
LA LIBERTAD AVANZA	34	14.59
LA LIBERTAD AVANZA	35	14.68
LA LIBERTAD AVANZA	36	14.96
LA LIBERTAD AVANZA	37	14.17
LA LIBERTAD AVANZA	38	14.19
LA LIBERTAD AVANZA	39	14.53
LA LIBERTAD AVANZA	40	14.04
LA LIBERTAD AVANZA	41	13.65
LA LIBERTAD AVANZA	42	14.50
LA LIBERTAD AVANZA	43	14.16
LA LIBERTAD AVANZA	44	12.95
LA LIBERTAD AVANZA	45	12.94
LA LIBERTAD AVANZA	46	15.21
LA LIBERTAD AVANZA	47	11.72
LA LIBERTAD AVANZA	48	13.17
LA LIBERTAD AVANZA	49	15.89
LA LIBERTAD AVANZA	50	13.15
LA LIBERTAD AVANZA	51	14.12
LA LIBERTAD AVANZA	52	15.27
LA LIBERTAD AVANZA	53	13.87
LA LIBERTAD AVANZA	54	13.01
LA LIBERTAD AVANZA	55	14.72
LA LIBERTAD AVANZA	56	14.36
LA LIBERTAD AVANZA	57	15.68
LA LIBERTAD AVANZA	58	14.33
LA LIBERTAD AVANZA	59	12.86
LA LIBERTAD AVANZA	60	10.99
LA LIBERTAD AVANZA	61	12.82
LA LIBERTAD AVANZA	62	13.47
LA LIBERTAD AVANZA	63	12.72
LA LIBERTAD AVANZA	64	12.08
LA LIBERTAD AVANZA	65	13.40
LA LIBERTAD AVANZA	66	12.94
LA LIBERTAD AVANZA	67	11.98
LA LIBERTAD AVANZA	68	11.59
LA LIBERTAD AVANZA	69	12.61
LA LIBERTAD AVANZA	70	12.24
LA LIBERTAD AVANZA	71	12.85
LA LIBERTAD AVANZA	72	13.02
LA LIBERTAD AVANZA	73	11.58
LA LIBERTAD AVANZA	74	12.76
LA LIBERTAD AVANZA	75	14.24
LA LIBERTAD AVANZA	76	13.36
LA LIBERTAD AVANZA	77	14.76
LA LIBERTAD AVANZA	78	15.65
LA LIBERTAD AVANZA	79	14.71
LA LIBERTAD AVANZA	80	13.99
LA LIBERTAD AVANZA	81	13.69
LA LIBERTAD AVANZA	82	14.24
LA LIBERTAD AVANZA	83	14.31
LA LIBERTAD AVANZA	84	15.31
LA LIBERTAD AVANZA	85	14.44
LA LIBERTAD AVANZA	86	17.09
LA LIBERTAD AVANZA	87	14.11
LA LIBERTAD AVANZA	88	17.28
LA LIBERTAD AVANZA	89	15.82
LA LIBERTAD AVANZA	90	14.26
LA LIBERTAD AVANZA	91	19.50
LA LIBERTAD AVANZA	92	16.53
LA LIBERTAD AVANZA	93	14.29
LA LIBERTAD AVANZA	94	14.27
LA LIBERTAD AVANZA	95	15.05
LA LIBERTAD AVANZA	96	15.17
LA LIBERTAD AVANZA	97	14.79
LA LIBERTAD AVANZA	98	15.15
LA LIBERTAD AVANZA	99	14.64
LA LIBERTAD AVANZA	100	14.93
LA LIBERTAD AVANZA	101	14.45
LA LIBERTAD AVANZA	102	15.82
LA LIBERTAD AVANZA	103	16.69
LA LIBERTAD AVANZA	104	16.18
LA LIBERTAD AVANZA	105	14.79
LA LIBERTAD AVANZA	106	16.31
LA LIBERTAD AVANZA	107	14.61
LA LIBERTAD AVANZA	108	14.55
LA LIBERTAD AVANZA	109	14.73
LA LIBERTAD AVANZA	110	13.49
LA LIBERTAD AVANZA	111	14.88
LA LIBERTAD AVANZA	112	14.97
LA LIBERTAD AVANZA	113	15.63
LA LIBERTAD AVANZA	114	13.81
LA LIBERTAD AVANZA	115	12.81
LA LIBERTAD AVANZA	116	13.98
LA LIBERTAD AVANZA	117	13.51
LA LIBERTAD AVANZA	118	13.35
LA LIBERTAD AVANZA	119	14.09
LA LIBERTAD AVANZA	120	15.64
LA LIBERTAD AVANZA	121	16.12
LA LIBERTAD AVANZA	122	15.88
LA LIBERTAD AVANZA	123	15.35
LA LIBERTAD AVANZA	124	13.34
LA LIBERTAD AVANZA	125	14.51
LA LIBERTAD AVANZA	126	14.29
LA LIBERTAD AVANZA	127	13.88
LA LIBERTAD AVANZA	128	13.63
LA LIBERTAD AVANZA	129	13.20
LA LIBERTAD AVANZA	130	12.72
LA LIBERTAD AVANZA	131	14.34
LA LIBERTAD AVANZA	132	14.43
LA LIBERTAD AVANZA	133	13.98
LA LIBERTAD AVANZA	134	14.03
LA LIBERTAD AVANZA	135	13.80
LA LIBERTAD AVANZA	136	12.84
LA LIBERTAD AVANZA	137	13.13
LA LIBERTAD AVANZA	138	12.42
LA LIBERTAD AVANZA	139	12.98
LA LIBERTAD AVANZA	140	13.33
LA LIBERTAD AVANZA	141	14.29
LA LIBERTAD AVANZA	142	13.57
LA LIBERTAD AVANZA	143	12.67
LA LIBERTAD AVANZA	144	12.47
LA LIBERTAD AVANZA	145	12.10
LA LIBERTAD AVANZA	146	12.65
LA LIBERTAD AVANZA	147	13.13
LA LIBERTAD AVANZA	148	13.63
LA LIBERTAD AVANZA	149	14.94
LA LIBERTAD AVANZA	150	13.00
LA LIBERTAD AVANZA	151	13.02
LA LIBERTAD AVANZA	152	12.28
LA LIBERTAD AVANZA	153	12.24
LA LIBERTAD AVANZA	154	11.93
LA LIBERTAD AVANZA	155	13.85
LA LIBERTAD AVANZA	156	11.94
LA LIBERTAD AVANZA	157	12.43
LA LIBERTAD AVANZA	158	11.31
LA LIBERTAD AVANZA	159	11.74
LA LIBERTAD AVANZA	160	11.62
LA LIBERTAD AVANZA	161	12.41
LA LIBERTAD AVANZA	162	14.18
LA LIBERTAD AVANZA	163	12.00
LA LIBERTAD AVANZA	164	11.83
LA LIBERTAD AVANZA	165	12.75
LA LIBERTAD AVANZA	166	13.49
LA LIBERTAD AVANZA	167	13.94
MOVIMIENTO AL SOCIALISMO	1	0.31
MOVIMIENTO AL SOCIALISMO	2	0.36
MOVIMIENTO AL SOCIALISMO	3	0.12
MOVIMIENTO AL SOCIALISMO	4	0.14
MOVIMIENTO AL SOCIALISMO	5	0.30
MOVIMIENTO AL SOCIALISMO	6	0.05
MOVIMIENTO AL SOCIALISMO	7	0.18
MOVIMIENTO AL SOCIALISMO	8	0.22
MOVIMIENTO AL SOCIALISMO	9	0.24
MOVIMIENTO AL SOCIALISMO	10	0.31
MOVIMIENTO AL SOCIALISMO	11	0.34
MOVIMIENTO AL SOCIALISMO	12	0.28
MOVIMIENTO AL SOCIALISMO	13	0.43
MOVIMIENTO AL SOCIALISMO	14	0.10
MOVIMIENTO AL SOCIALISMO	15	0.50
MOVIMIENTO AL SOCIALISMO	16	0.36
MOVIMIENTO AL SOCIALISMO	17	0.30
MOVIMIENTO AL SOCIALISMO	18	0.53
MOVIMIENTO AL SOCIALISMO	19	0.35
MOVIMIENTO AL SOCIALISMO	20	0.08
MOVIMIENTO AL SOCIALISMO	21	0.08
MOVIMIENTO AL SOCIALISMO	22	0.15
MOVIMIENTO AL SOCIALISMO	23	0.20
MOVIMIENTO AL SOCIALISMO	24	0.23
MOVIMIENTO AL SOCIALISMO	25	0.07
MOVIMIENTO AL SOCIALISMO	26	0.07
MOVIMIENTO AL SOCIALISMO	27	0.24
MOVIMIENTO AL SOCIALISMO	28	0.15
MOVIMIENTO AL SOCIALISMO	29	0.33
MOVIMIENTO AL SOCIALISMO	30	0.33
MOVIMIENTO AL SOCIALISMO	31	0.20
MOVIMIENTO AL SOCIALISMO	32	0.26
MOVIMIENTO AL SOCIALISMO	33	0.31
MOVIMIENTO AL SOCIALISMO	34	0.35
MOVIMIENTO AL SOCIALISMO	35	0.30
MOVIMIENTO AL SOCIALISMO	36	0.36
MOVIMIENTO AL SOCIALISMO	37	0.42
MOVIMIENTO AL SOCIALISMO	38	0.27
MOVIMIENTO AL SOCIALISMO	39	0.33
MOVIMIENTO AL SOCIALISMO	40	0.27
MOVIMIENTO AL SOCIALISMO	41	0.30
MOVIMIENTO AL SOCIALISMO	42	0.27
MOVIMIENTO AL SOCIALISMO	43	0.30
MOVIMIENTO AL SOCIALISMO	44	0.17
MOVIMIENTO AL SOCIALISMO	45	0.34
MOVIMIENTO AL SOCIALISMO	46	0.40
MOVIMIENTO AL SOCIALISMO	47	0.51
MOVIMIENTO AL SOCIALISMO	48	0.24
MOVIMIENTO AL SOCIALISMO	49	0.50
MOVIMIENTO AL SOCIALISMO	50	0.37
MOVIMIENTO AL SOCIALISMO	51	0.33
MOVIMIENTO AL SOCIALISMO	52	0.38
MOVIMIENTO AL SOCIALISMO	53	0.56
MOVIMIENTO AL SOCIALISMO	54	0.35
MOVIMIENTO AL SOCIALISMO	55	0.40
MOVIMIENTO AL SOCIALISMO	56	0.30
MOVIMIENTO AL SOCIALISMO	57	0.30
MOVIMIENTO AL SOCIALISMO	58	0.40
MOVIMIENTO AL SOCIALISMO	59	0.24
MOVIMIENTO AL SOCIALISMO	60	0.36
MOVIMIENTO AL SOCIALISMO	61	0.24
MOVIMIENTO AL SOCIALISMO	62	0.34
MOVIMIENTO AL SOCIALISMO	63	0.25
MOVIMIENTO AL SOCIALISMO	64	0.28
MOVIMIENTO AL SOCIALISMO	65	0.23
MOVIMIENTO AL SOCIALISMO	66	0.23
MOVIMIENTO AL SOCIALISMO	67	0.23
MOVIMIENTO AL SOCIALISMO	68	0.19
MOVIMIENTO AL SOCIALISMO	69	0.20
MOVIMIENTO AL SOCIALISMO	70	0.21
MOVIMIENTO AL SOCIALISMO	71	0.22
MOVIMIENTO AL SOCIALISMO	72	0.40
MOVIMIENTO AL SOCIALISMO	73	0.23
MOVIMIENTO AL SOCIALISMO	74	0.19
MOVIMIENTO AL SOCIALISMO	75	0.24
MOVIMIENTO AL SOCIALISMO	76	0.34
MOVIMIENTO AL SOCIALISMO	77	0.24
MOVIMIENTO AL SOCIALISMO	78	0.34
MOVIMIENTO AL SOCIALISMO	79	0.28
MOVIMIENTO AL SOCIALISMO	80	0.24
MOVIMIENTO AL SOCIALISMO	81	0.39
MOVIMIENTO AL SOCIALISMO	82	0.34
MOVIMIENTO AL SOCIALISMO	83	0.24
MOVIMIENTO AL SOCIALISMO	84	0.26
MOVIMIENTO AL SOCIALISMO	85	0.26
MOVIMIENTO AL SOCIALISMO	86	0.39
MOVIMIENTO AL SOCIALISMO	87	0.36
MOVIMIENTO AL SOCIALISMO	88	0.38
MOVIMIENTO AL SOCIALISMO	89	0.29
MOVIMIENTO AL SOCIALISMO	90	0.36
MOVIMIENTO AL SOCIALISMO	91	0.37
MOVIMIENTO AL SOCIALISMO	92	0.24
MOVIMIENTO AL SOCIALISMO	93	0.41
MOVIMIENTO AL SOCIALISMO	94	0.25
MOVIMIENTO AL SOCIALISMO	95	0.32
MOVIMIENTO AL SOCIALISMO	96	0.32
MOVIMIENTO AL SOCIALISMO	97	0.31
MOVIMIENTO AL SOCIALISMO	98	0.33
MOVIMIENTO AL SOCIALISMO	99	0.39
MOVIMIENTO AL SOCIALISMO	100	0.22
MOVIMIENTO AL SOCIALISMO	101	0.31
MOVIMIENTO AL SOCIALISMO	102	0.27
MOVIMIENTO AL SOCIALISMO	103	0.35
MOVIMIENTO AL SOCIALISMO	104	0.26
MOVIMIENTO AL SOCIALISMO	105	0.25
MOVIMIENTO AL SOCIALISMO	106	0.32
MOVIMIENTO AL SOCIALISMO	107	0.25
MOVIMIENTO AL SOCIALISMO	108	0.20
MOVIMIENTO AL SOCIALISMO	109	0.31
MOVIMIENTO AL SOCIALISMO	110	0.36
MOVIMIENTO AL SOCIALISMO	111	0.23
MOVIMIENTO AL SOCIALISMO	112	0.27
MOVIMIENTO AL SOCIALISMO	113	0.29
MOVIMIENTO AL SOCIALISMO	114	0.27
MOVIMIENTO AL SOCIALISMO	115	0.31
MOVIMIENTO AL SOCIALISMO	116	0.25
MOVIMIENTO AL SOCIALISMO	117	0.21
MOVIMIENTO AL SOCIALISMO	118	0.22
MOVIMIENTO AL SOCIALISMO	119	0.26
MOVIMIENTO AL SOCIALISMO	120	0.24
MOVIMIENTO AL SOCIALISMO	121	0.28
MOVIMIENTO AL SOCIALISMO	122	0.18
MOVIMIENTO AL SOCIALISMO	123	0.22
MOVIMIENTO AL SOCIALISMO	124	0.27
MOVIMIENTO AL SOCIALISMO	125	0.19
MOVIMIENTO AL SOCIALISMO	126	0.25
MOVIMIENTO AL SOCIALISMO	127	0.17
MOVIMIENTO AL SOCIALISMO	128	0.31
MOVIMIENTO AL SOCIALISMO	129	0.19
MOVIMIENTO AL SOCIALISMO	130	0.17
MOVIMIENTO AL SOCIALISMO	131	0.34
MOVIMIENTO AL SOCIALISMO	132	0.40
MOVIMIENTO AL SOCIALISMO	133	0.29
MOVIMIENTO AL SOCIALISMO	134	0.18
MOVIMIENTO AL SOCIALISMO	135	0.18
MOVIMIENTO AL SOCIALISMO	136	0.29
MOVIMIENTO AL SOCIALISMO	137	0.18
MOVIMIENTO AL SOCIALISMO	138	0.21
MOVIMIENTO AL SOCIALISMO	139	0.13
MOVIMIENTO AL SOCIALISMO	140	0.20
MOVIMIENTO AL SOCIALISMO	141	0.12
MOVIMIENTO AL SOCIALISMO	142	0.13
MOVIMIENTO AL SOCIALISMO	143	0.25
MOVIMIENTO AL SOCIALISMO	144	0.16
MOVIMIENTO AL SOCIALISMO	145	0.19
MOVIMIENTO AL SOCIALISMO	146	0.26
MOVIMIENTO AL SOCIALISMO	147	0.15
MOVIMIENTO AL SOCIALISMO	148	0.12
MOVIMIENTO AL SOCIALISMO	149	0.13
MOVIMIENTO AL SOCIALISMO	150	0.04
MOVIMIENTO AL SOCIALISMO	151	0.12
MOVIMIENTO AL SOCIALISMO	152	0.10
MOVIMIENTO AL SOCIALISMO	153	0.14
MOVIMIENTO AL SOCIALISMO	154	0.18
MOVIMIENTO AL SOCIALISMO	155	0.32
MOVIMIENTO AL SOCIALISMO	156	0.33
MOVIMIENTO AL SOCIALISMO	157	0.23
MOVIMIENTO AL SOCIALISMO	158	0.19
MOVIMIENTO AL SOCIALISMO	159	0.36
MOVIMIENTO AL SOCIALISMO	160	0.28
MOVIMIENTO AL SOCIALISMO	161	0.22
MOVIMIENTO AL SOCIALISMO	162	0.38
MOVIMIENTO AL SOCIALISMO	163	0.37
MOVIMIENTO AL SOCIALISMO	164	0.23
MOVIMIENTO AL SOCIALISMO	165	0.35
MOVIMIENTO AL SOCIALISMO	166	0.26
MOVIMIENTO AL SOCIALISMO	167	0.24
MOVIMIENTO LIBRES DEL SUR	1	0.49
MOVIMIENTO LIBRES DEL SUR	2	0.43
MOVIMIENTO LIBRES DEL SUR	3	0.00
MOVIMIENTO LIBRES DEL SUR	4	0.00
MOVIMIENTO LIBRES DEL SUR	5	1.42
MOVIMIENTO LIBRES DEL SUR	6	0.15
MOVIMIENTO LIBRES DEL SUR	7	0.22
MOVIMIENTO LIBRES DEL SUR	8	0.20
MOVIMIENTO LIBRES DEL SUR	9	0.40
MOVIMIENTO LIBRES DEL SUR	10	0.31
MOVIMIENTO LIBRES DEL SUR	11	0.41
MOVIMIENTO LIBRES DEL SUR	12	0.48
MOVIMIENTO LIBRES DEL SUR	13	0.43
MOVIMIENTO LIBRES DEL SUR	14	0.42
MOVIMIENTO LIBRES DEL SUR	15	0.67
MOVIMIENTO LIBRES DEL SUR	16	0.53
MOVIMIENTO LIBRES DEL SUR	17	0.47
MOVIMIENTO LIBRES DEL SUR	18	0.40
MOVIMIENTO LIBRES DEL SUR	19	0.42
MOVIMIENTO LIBRES DEL SUR	20	0.31
MOVIMIENTO LIBRES DEL SUR	21	0.18
MOVIMIENTO LIBRES DEL SUR	22	0.30
MOVIMIENTO LIBRES DEL SUR	23	0.34
MOVIMIENTO LIBRES DEL SUR	24	0.22
MOVIMIENTO LIBRES DEL SUR	25	0.13
MOVIMIENTO LIBRES DEL SUR	26	0.21
MOVIMIENTO LIBRES DEL SUR	27	0.30
MOVIMIENTO LIBRES DEL SUR	28	0.45
MOVIMIENTO LIBRES DEL SUR	29	0.42
MOVIMIENTO LIBRES DEL SUR	30	0.26
MOVIMIENTO LIBRES DEL SUR	31	0.17
MOVIMIENTO LIBRES DEL SUR	32	0.42
MOVIMIENTO LIBRES DEL SUR	33	0.35
MOVIMIENTO LIBRES DEL SUR	34	0.35
MOVIMIENTO LIBRES DEL SUR	35	0.45
MOVIMIENTO LIBRES DEL SUR	36	0.34
MOVIMIENTO LIBRES DEL SUR	37	0.48
MOVIMIENTO LIBRES DEL SUR	38	0.53
MOVIMIENTO LIBRES DEL SUR	39	0.45
MOVIMIENTO LIBRES DEL SUR	40	0.51
MOVIMIENTO LIBRES DEL SUR	41	0.38
MOVIMIENTO LIBRES DEL SUR	42	0.46
MOVIMIENTO LIBRES DEL SUR	43	0.38
MOVIMIENTO LIBRES DEL SUR	44	0.38
MOVIMIENTO LIBRES DEL SUR	45	0.61
MOVIMIENTO LIBRES DEL SUR	46	0.42
MOVIMIENTO LIBRES DEL SUR	47	0.70
MOVIMIENTO LIBRES DEL SUR	48	0.34
MOVIMIENTO LIBRES DEL SUR	49	0.46
MOVIMIENTO LIBRES DEL SUR	50	0.33
MOVIMIENTO LIBRES DEL SUR	51	0.45
MOVIMIENTO LIBRES DEL SUR	52	0.64
MOVIMIENTO LIBRES DEL SUR	53	0.56
MOVIMIENTO LIBRES DEL SUR	54	0.53
MOVIMIENTO LIBRES DEL SUR	55	0.46
MOVIMIENTO LIBRES DEL SUR	56	0.57
MOVIMIENTO LIBRES DEL SUR	57	0.38
MOVIMIENTO LIBRES DEL SUR	58	0.49
MOVIMIENTO LIBRES DEL SUR	59	0.45
MOVIMIENTO LIBRES DEL SUR	60	0.38
MOVIMIENTO LIBRES DEL SUR	61	0.52
MOVIMIENTO LIBRES DEL SUR	62	0.47
MOVIMIENTO LIBRES DEL SUR	63	0.47
MOVIMIENTO LIBRES DEL SUR	64	0.35
MOVIMIENTO LIBRES DEL SUR	65	0.41
MOVIMIENTO LIBRES DEL SUR	66	0.37
MOVIMIENTO LIBRES DEL SUR	67	0.29
MOVIMIENTO LIBRES DEL SUR	68	0.39
MOVIMIENTO LIBRES DEL SUR	69	0.36
MOVIMIENTO LIBRES DEL SUR	70	0.51
MOVIMIENTO LIBRES DEL SUR	71	0.25
MOVIMIENTO LIBRES DEL SUR	72	0.34
MOVIMIENTO LIBRES DEL SUR	73	0.36
MOVIMIENTO LIBRES DEL SUR	74	0.22
MOVIMIENTO LIBRES DEL SUR	75	0.32
MOVIMIENTO LIBRES DEL SUR	76	0.45
MOVIMIENTO LIBRES DEL SUR	77	0.55
MOVIMIENTO LIBRES DEL SUR	78	0.53
MOVIMIENTO LIBRES DEL SUR	79	0.42
MOVIMIENTO LIBRES DEL SUR	80	0.37
MOVIMIENTO LIBRES DEL SUR	81	0.30
MOVIMIENTO LIBRES DEL SUR	82	0.32
MOVIMIENTO LIBRES DEL SUR	83	0.46
MOVIMIENTO LIBRES DEL SUR	84	0.56
MOVIMIENTO LIBRES DEL SUR	85	0.31
MOVIMIENTO LIBRES DEL SUR	86	0.50
MOVIMIENTO LIBRES DEL SUR	87	0.87
MOVIMIENTO LIBRES DEL SUR	88	0.52
MOVIMIENTO LIBRES DEL SUR	89	0.72
MOVIMIENTO LIBRES DEL SUR	90	0.50
MOVIMIENTO LIBRES DEL SUR	91	0.34
MOVIMIENTO LIBRES DEL SUR	92	0.35
MOVIMIENTO LIBRES DEL SUR	93	0.58
MOVIMIENTO LIBRES DEL SUR	94	0.41
MOVIMIENTO LIBRES DEL SUR	95	0.36
MOVIMIENTO LIBRES DEL SUR	96	0.37
MOVIMIENTO LIBRES DEL SUR	97	0.42
MOVIMIENTO LIBRES DEL SUR	98	0.46
MOVIMIENTO LIBRES DEL SUR	99	0.39
MOVIMIENTO LIBRES DEL SUR	100	0.29
MOVIMIENTO LIBRES DEL SUR	101	0.41
MOVIMIENTO LIBRES DEL SUR	102	0.47
MOVIMIENTO LIBRES DEL SUR	103	0.43
MOVIMIENTO LIBRES DEL SUR	104	0.36
MOVIMIENTO LIBRES DEL SUR	105	0.32
MOVIMIENTO LIBRES DEL SUR	106	0.47
MOVIMIENTO LIBRES DEL SUR	107	0.34
MOVIMIENTO LIBRES DEL SUR	108	0.41
MOVIMIENTO LIBRES DEL SUR	109	0.57
MOVIMIENTO LIBRES DEL SUR	110	0.33
MOVIMIENTO LIBRES DEL SUR	111	0.56
MOVIMIENTO LIBRES DEL SUR	112	0.56
MOVIMIENTO LIBRES DEL SUR	113	0.52
MOVIMIENTO LIBRES DEL SUR	114	0.30
MOVIMIENTO LIBRES DEL SUR	115	0.46
MOVIMIENTO LIBRES DEL SUR	116	0.42
MOVIMIENTO LIBRES DEL SUR	117	0.36
MOVIMIENTO LIBRES DEL SUR	118	0.40
MOVIMIENTO LIBRES DEL SUR	119	0.50
MOVIMIENTO LIBRES DEL SUR	120	0.33
MOVIMIENTO LIBRES DEL SUR	121	0.36
MOVIMIENTO LIBRES DEL SUR	122	0.32
MOVIMIENTO LIBRES DEL SUR	123	0.42
MOVIMIENTO LIBRES DEL SUR	124	0.38
MOVIMIENTO LIBRES DEL SUR	125	0.37
MOVIMIENTO LIBRES DEL SUR	126	0.43
MOVIMIENTO LIBRES DEL SUR	127	0.48
MOVIMIENTO LIBRES DEL SUR	128	0.36
MOVIMIENTO LIBRES DEL SUR	129	0.31
MOVIMIENTO LIBRES DEL SUR	130	0.41
MOVIMIENTO LIBRES DEL SUR	131	0.46
MOVIMIENTO LIBRES DEL SUR	132	0.50
MOVIMIENTO LIBRES DEL SUR	133	0.36
MOVIMIENTO LIBRES DEL SUR	134	0.35
MOVIMIENTO LIBRES DEL SUR	135	0.21
MOVIMIENTO LIBRES DEL SUR	136	0.36
MOVIMIENTO LIBRES DEL SUR	137	0.41
MOVIMIENTO LIBRES DEL SUR	138	0.28
MOVIMIENTO LIBRES DEL SUR	139	0.26
MOVIMIENTO LIBRES DEL SUR	140	0.24
MOVIMIENTO LIBRES DEL SUR	141	0.26
MOVIMIENTO LIBRES DEL SUR	142	0.23
MOVIMIENTO LIBRES DEL SUR	143	0.28
MOVIMIENTO LIBRES DEL SUR	144	0.35
MOVIMIENTO LIBRES DEL SUR	145	0.24
MOVIMIENTO LIBRES DEL SUR	146	0.34
MOVIMIENTO LIBRES DEL SUR	147	0.31
MOVIMIENTO LIBRES DEL SUR	148	0.31
MOVIMIENTO LIBRES DEL SUR	149	0.30
MOVIMIENTO LIBRES DEL SUR	150	0.15
MOVIMIENTO LIBRES DEL SUR	151	0.26
MOVIMIENTO LIBRES DEL SUR	152	0.29
MOVIMIENTO LIBRES DEL SUR	153	0.38
MOVIMIENTO LIBRES DEL SUR	154	0.34
MOVIMIENTO LIBRES DEL SUR	155	0.36
MOVIMIENTO LIBRES DEL SUR	156	0.36
MOVIMIENTO LIBRES DEL SUR	157	0.33
MOVIMIENTO LIBRES DEL SUR	158	0.35
MOVIMIENTO LIBRES DEL SUR	159	0.37
MOVIMIENTO LIBRES DEL SUR	160	0.31
MOVIMIENTO LIBRES DEL SUR	161	0.45
MOVIMIENTO LIBRES DEL SUR	162	0.41
MOVIMIENTO LIBRES DEL SUR	163	0.50
MOVIMIENTO LIBRES DEL SUR	164	0.36
MOVIMIENTO LIBRES DEL SUR	165	0.54
MOVIMIENTO LIBRES DEL SUR	166	0.45
MOVIMIENTO LIBRES DEL SUR	167	0.46
POLÍTICA OBRERA	1	0.64
POLÍTICA OBRERA	2	0.68
POLÍTICA OBRERA	3	0.23
POLÍTICA OBRERA	4	0.14
POLÍTICA OBRERA	5	0.95
POLÍTICA OBRERA	6	0.14
POLÍTICA OBRERA	7	0.18
POLÍTICA OBRERA	8	0.24
POLÍTICA OBRERA	9	0.29
POLÍTICA OBRERA	10	0.37
POLÍTICA OBRERA	11	0.57
POLÍTICA OBRERA	12	0.57
POLÍTICA OBRERA	13	0.67
POLÍTICA OBRERA	14	0.52
POLÍTICA OBRERA	15	0.40
POLÍTICA OBRERA	16	0.83
POLÍTICA OBRERA	17	0.61
POLÍTICA OBRERA	18	0.65
POLÍTICA OBRERA	19	0.71
POLÍTICA OBRERA	20	0.33
POLÍTICA OBRERA	21	0.12
POLÍTICA OBRERA	22	0.18
POLÍTICA OBRERA	23	0.29
POLÍTICA OBRERA	24	0.17
POLÍTICA OBRERA	25	0.19
POLÍTICA OBRERA	26	0.17
POLÍTICA OBRERA	27	0.25
POLÍTICA OBRERA	28	0.24
POLÍTICA OBRERA	29	0.33
POLÍTICA OBRERA	30	0.44
POLÍTICA OBRERA	31	0.44
POLÍTICA OBRERA	32	0.70
POLÍTICA OBRERA	33	0.46
POLÍTICA OBRERA	34	0.49
POLÍTICA OBRERA	35	0.63
POLÍTICA OBRERA	36	0.71
POLÍTICA OBRERA	37	0.68
POLÍTICA OBRERA	38	0.53
POLÍTICA OBRERA	39	0.70
POLÍTICA OBRERA	40	0.48
POLÍTICA OBRERA	41	0.71
POLÍTICA OBRERA	42	0.54
POLÍTICA OBRERA	43	0.46
POLÍTICA OBRERA	44	0.57
POLÍTICA OBRERA	45	0.63
POLÍTICA OBRERA	46	0.65
POLÍTICA OBRERA	47	1.31
POLÍTICA OBRERA	48	0.50
POLÍTICA OBRERA	49	0.71
POLÍTICA OBRERA	50	0.44
POLÍTICA OBRERA	51	0.55
POLÍTICA OBRERA	52	0.81
POLÍTICA OBRERA	53	0.95
POLÍTICA OBRERA	54	0.70
POLÍTICA OBRERA	55	0.60
POLÍTICA OBRERA	56	0.78
POLÍTICA OBRERA	57	0.58
POLÍTICA OBRERA	58	0.49
POLÍTICA OBRERA	59	0.57
POLÍTICA OBRERA	60	0.53
POLÍTICA OBRERA	61	0.41
POLÍTICA OBRERA	62	0.76
POLÍTICA OBRERA	63	0.39
POLÍTICA OBRERA	64	0.43
POLÍTICA OBRERA	65	1.22
POLÍTICA OBRERA	66	0.47
POLÍTICA OBRERA	67	0.39
POLÍTICA OBRERA	68	0.26
POLÍTICA OBRERA	69	0.24
POLÍTICA OBRERA	70	0.42
POLÍTICA OBRERA	71	0.27
POLÍTICA OBRERA	72	0.46
POLÍTICA OBRERA	73	0.41
POLÍTICA OBRERA	74	0.31
POLÍTICA OBRERA	75	0.23
POLÍTICA OBRERA	76	0.27
POLÍTICA OBRERA	77	0.48
POLÍTICA OBRERA	78	0.45
POLÍTICA OBRERA	79	0.44
POLÍTICA OBRERA	80	0.48
POLÍTICA OBRERA	81	0.42
POLÍTICA OBRERA	82	0.45
POLÍTICA OBRERA	83	0.29
POLÍTICA OBRERA	84	0.49
POLÍTICA OBRERA	85	0.40
POLÍTICA OBRERA	86	1.16
POLÍTICA OBRERA	87	0.66
POLÍTICA OBRERA	88	0.48
POLÍTICA OBRERA	89	0.55
POLÍTICA OBRERA	90	0.78
POLÍTICA OBRERA	91	0.87
POLÍTICA OBRERA	92	0.58
POLÍTICA OBRERA	93	0.49
POLÍTICA OBRERA	94	0.62
POLÍTICA OBRERA	95	0.51
POLÍTICA OBRERA	96	0.52
POLÍTICA OBRERA	97	0.51
POLÍTICA OBRERA	98	0.43
POLÍTICA OBRERA	99	0.55
POLÍTICA OBRERA	100	0.38
POLÍTICA OBRERA	101	0.45
POLÍTICA OBRERA	102	0.40
POLÍTICA OBRERA	103	0.38
POLÍTICA OBRERA	104	0.37
POLÍTICA OBRERA	105	0.42
POLÍTICA OBRERA	106	0.41
POLÍTICA OBRERA	107	0.31
POLÍTICA OBRERA	108	0.60
POLÍTICA OBRERA	109	0.44
POLÍTICA OBRERA	110	0.33
POLÍTICA OBRERA	111	0.31
POLÍTICA OBRERA	112	0.44
POLÍTICA OBRERA	113	0.49
POLÍTICA OBRERA	114	0.50
POLÍTICA OBRERA	115	0.43
POLÍTICA OBRERA	116	0.53
POLÍTICA OBRERA	117	0.43
POLÍTICA OBRERA	118	0.36
POLÍTICA OBRERA	119	0.36
POLÍTICA OBRERA	120	0.30
POLÍTICA OBRERA	121	0.43
POLÍTICA OBRERA	122	0.23
POLÍTICA OBRERA	123	0.38
POLÍTICA OBRERA	124	0.38
POLÍTICA OBRERA	125	0.39
POLÍTICA OBRERA	126	0.44
POLÍTICA OBRERA	127	0.32
POLÍTICA OBRERA	128	0.45
POLÍTICA OBRERA	129	0.35
POLÍTICA OBRERA	130	0.40
POLÍTICA OBRERA	131	0.43
POLÍTICA OBRERA	132	0.34
POLÍTICA OBRERA	133	0.38
POLÍTICA OBRERA	134	0.17
POLÍTICA OBRERA	135	0.31
POLÍTICA OBRERA	136	0.27
POLÍTICA OBRERA	137	0.29
POLÍTICA OBRERA	138	0.26
POLÍTICA OBRERA	139	0.30
POLÍTICA OBRERA	140	0.19
POLÍTICA OBRERA	141	0.12
POLÍTICA OBRERA	142	0.18
POLÍTICA OBRERA	143	0.26
POLÍTICA OBRERA	144	0.14
POLÍTICA OBRERA	145	0.35
POLÍTICA OBRERA	146	0.53
POLÍTICA OBRERA	147	0.29
POLÍTICA OBRERA	148	0.22
POLÍTICA OBRERA	149	0.17
POLÍTICA OBRERA	150	0.18
POLÍTICA OBRERA	151	0.16
POLÍTICA OBRERA	152	0.06
POLÍTICA OBRERA	153	0.30
POLÍTICA OBRERA	154	0.28
POLÍTICA OBRERA	155	0.32
POLÍTICA OBRERA	156	0.46
POLÍTICA OBRERA	157	0.42
POLÍTICA OBRERA	158	0.42
POLÍTICA OBRERA	159	0.52
POLÍTICA OBRERA	160	0.46
POLÍTICA OBRERA	161	0.55
POLÍTICA OBRERA	162	0.69
POLÍTICA OBRERA	163	0.46
POLÍTICA OBRERA	164	0.68
POLÍTICA OBRERA	165	0.38
POLÍTICA OBRERA	166	0.54
POLÍTICA OBRERA	167	0.42
RENOVADOR FEDERAL	1	0.12
RENOVADOR FEDERAL	2	0.18
RENOVADOR FEDERAL	3	0.00
RENOVADOR FEDERAL	4	0.00
RENOVADOR FEDERAL	5	0.22
RENOVADOR FEDERAL	6	0.03
RENOVADOR FEDERAL	7	0.02
RENOVADOR FEDERAL	8	0.08
RENOVADOR FEDERAL	9	0.14
RENOVADOR FEDERAL	10	0.11
RENOVADOR FEDERAL	11	0.09
RENOVADOR FEDERAL	12	0.16
RENOVADOR FEDERAL	13	0.12
RENOVADOR FEDERAL	14	0.10
RENOVADOR FEDERAL	15	0.24
RENOVADOR FEDERAL	16	0.19
RENOVADOR FEDERAL	17	0.13
RENOVADOR FEDERAL	18	0.27
RENOVADOR FEDERAL	19	0.23
RENOVADOR FEDERAL	20	0.12
RENOVADOR FEDERAL	21	0.06
RENOVADOR FEDERAL	22	0.05
RENOVADOR FEDERAL	23	0.05
RENOVADOR FEDERAL	24	0.11
RENOVADOR FEDERAL	25	0.10
RENOVADOR FEDERAL	26	0.04
RENOVADOR FEDERAL	27	0.07
RENOVADOR FEDERAL	28	0.04
RENOVADOR FEDERAL	29	0.04
RENOVADOR FEDERAL	30	0.08
RENOVADOR FEDERAL	31	0.13
RENOVADOR FEDERAL	32	0.07
RENOVADOR FEDERAL	33	0.11
RENOVADOR FEDERAL	34	0.24
RENOVADOR FEDERAL	35	0.12
RENOVADOR FEDERAL	36	0.25
RENOVADOR FEDERAL	37	0.24
RENOVADOR FEDERAL	38	0.15
RENOVADOR FEDERAL	39	0.12
RENOVADOR FEDERAL	40	0.11
RENOVADOR FEDERAL	41	0.17
RENOVADOR FEDERAL	42	0.15
RENOVADOR FEDERAL	43	0.16
RENOVADOR FEDERAL	44	0.17
RENOVADOR FEDERAL	45	0.04
RENOVADOR FEDERAL	46	0.16
RENOVADOR FEDERAL	47	0.42
RENOVADOR FEDERAL	48	0.14
RENOVADOR FEDERAL	49	0.23
RENOVADOR FEDERAL	50	0.08
RENOVADOR FEDERAL	51	0.16
RENOVADOR FEDERAL	52	0.23
RENOVADOR FEDERAL	53	0.35
RENOVADOR FEDERAL	54	0.26
RENOVADOR FEDERAL	55	0.25
RENOVADOR FEDERAL	56	0.14
RENOVADOR FEDERAL	57	0.18
RENOVADOR FEDERAL	58	0.14
RENOVADOR FEDERAL	59	0.22
RENOVADOR FEDERAL	60	0.16
RENOVADOR FEDERAL	61	0.12
RENOVADOR FEDERAL	62	0.20
RENOVADOR FEDERAL	63	0.11
RENOVADOR FEDERAL	64	0.14
RENOVADOR FEDERAL	65	0.11
RENOVADOR FEDERAL	66	0.17
RENOVADOR FEDERAL	67	0.09
RENOVADOR FEDERAL	68	0.05
RENOVADOR FEDERAL	69	0.07
RENOVADOR FEDERAL	70	0.13
RENOVADOR FEDERAL	71	0.07
RENOVADOR FEDERAL	72	0.09
RENOVADOR FEDERAL	73	0.05
RENOVADOR FEDERAL	74	0.07
RENOVADOR FEDERAL	75	0.05
RENOVADOR FEDERAL	76	0.12
RENOVADOR FEDERAL	77	0.17
RENOVADOR FEDERAL	78	0.12
RENOVADOR FEDERAL	79	0.24
RENOVADOR FEDERAL	80	0.05
RENOVADOR FEDERAL	81	0.16
RENOVADOR FEDERAL	82	0.15
RENOVADOR FEDERAL	83	0.05
RENOVADOR FEDERAL	84	0.15
RENOVADOR FEDERAL	85	0.09
RENOVADOR FEDERAL	86	0.22
RENOVADOR FEDERAL	87	0.39
RENOVADOR FEDERAL	88	0.11
RENOVADOR FEDERAL	89	0.21
RENOVADOR FEDERAL	90	0.21
RENOVADOR FEDERAL	91	0.34
RENOVADOR FEDERAL	92	0.15
RENOVADOR FEDERAL	93	0.17
RENOVADOR FEDERAL	94	0.14
RENOVADOR FEDERAL	95	0.16
RENOVADOR FEDERAL	96	0.22
RENOVADOR FEDERAL	97	0.15
RENOVADOR FEDERAL	98	0.20
RENOVADOR FEDERAL	99	0.21
RENOVADOR FEDERAL	100	0.13
RENOVADOR FEDERAL	101	0.12
RENOVADOR FEDERAL	102	0.10
RENOVADOR FEDERAL	103	0.19
RENOVADOR FEDERAL	104	0.25
RENOVADOR FEDERAL	105	0.14
RENOVADOR FEDERAL	106	0.14
RENOVADOR FEDERAL	107	0.14
RENOVADOR FEDERAL	108	0.16
RENOVADOR FEDERAL	109	0.10
RENOVADOR FEDERAL	110	0.08
RENOVADOR FEDERAL	111	0.08
RENOVADOR FEDERAL	112	0.14
RENOVADOR FEDERAL	113	0.15
RENOVADOR FEDERAL	114	0.14
RENOVADOR FEDERAL	115	0.26
RENOVADOR FEDERAL	116	0.08
RENOVADOR FEDERAL	117	0.11
RENOVADOR FEDERAL	118	0.08
RENOVADOR FEDERAL	119	0.10
RENOVADOR FEDERAL	120	0.07
RENOVADOR FEDERAL	121	0.14
RENOVADOR FEDERAL	122	0.09
RENOVADOR FEDERAL	123	0.03
RENOVADOR FEDERAL	124	0.19
RENOVADOR FEDERAL	125	0.06
RENOVADOR FEDERAL	126	0.12
RENOVADOR FEDERAL	127	0.10
RENOVADOR FEDERAL	128	0.14
RENOVADOR FEDERAL	129	0.10
RENOVADOR FEDERAL	130	0.06
RENOVADOR FEDERAL	131	0.07
RENOVADOR FEDERAL	132	0.15
RENOVADOR FEDERAL	133	0.10
RENOVADOR FEDERAL	134	0.05
RENOVADOR FEDERAL	135	0.05
RENOVADOR FEDERAL	136	0.12
RENOVADOR FEDERAL	137	0.08
RENOVADOR FEDERAL	138	0.08
RENOVADOR FEDERAL	139	0.11
RENOVADOR FEDERAL	140	0.05
RENOVADOR FEDERAL	141	0.08
RENOVADOR FEDERAL	142	0.03
RENOVADOR FEDERAL	143	0.08
RENOVADOR FEDERAL	144	0.00
RENOVADOR FEDERAL	145	0.06
RENOVADOR FEDERAL	146	0.10
RENOVADOR FEDERAL	147	0.07
RENOVADOR FEDERAL	148	0.04
RENOVADOR FEDERAL	149	0.05
RENOVADOR FEDERAL	150	0.07
RENOVADOR FEDERAL	151	0.05
RENOVADOR FEDERAL	152	0.05
RENOVADOR FEDERAL	153	0.05
RENOVADOR FEDERAL	154	0.07
RENOVADOR FEDERAL	155	0.04
RENOVADOR FEDERAL	156	0.09
RENOVADOR FEDERAL	157	0.07
RENOVADOR FEDERAL	158	0.10
RENOVADOR FEDERAL	159	0.15
RENOVADOR FEDERAL	160	0.07
RENOVADOR FEDERAL	161	0.14
RENOVADOR FEDERAL	162	0.14
RENOVADOR FEDERAL	163	0.22
RENOVADOR FEDERAL	164	0.25
RENOVADOR FEDERAL	165	0.09
RENOVADOR FEDERAL	166	0.15
RENOVADOR FEDERAL	167	0.05
SOCIALISTA AUTÉNTICO	1	0.72
SOCIALISTA AUTÉNTICO	2	0.66
SOCIALISTA AUTÉNTICO	3	0.12
SOCIALISTA AUTÉNTICO	4	0.21
SOCIALISTA AUTÉNTICO	5	0.65
SOCIALISTA AUTÉNTICO	6	0.28
SOCIALISTA AUTÉNTICO	7	0.51
SOCIALISTA AUTÉNTICO	8	0.55
SOCIALISTA AUTÉNTICO	9	0.42
SOCIALISTA AUTÉNTICO	10	0.71
SOCIALISTA AUTÉNTICO	11	0.49
SOCIALISTA AUTÉNTICO	12	0.78
SOCIALISTA AUTÉNTICO	13	0.63
SOCIALISTA AUTÉNTICO	14	0.74
SOCIALISTA AUTÉNTICO	15	0.71
SOCIALISTA AUTÉNTICO	16	0.87
SOCIALISTA AUTÉNTICO	17	0.56
SOCIALISTA AUTÉNTICO	18	0.76
SOCIALISTA AUTÉNTICO	19	1.32
SOCIALISTA AUTÉNTICO	20	0.31
SOCIALISTA AUTÉNTICO	21	0.36
SOCIALISTA AUTÉNTICO	22	0.47
SOCIALISTA AUTÉNTICO	23	0.55
SOCIALISTA AUTÉNTICO	24	0.38
SOCIALISTA AUTÉNTICO	25	0.33
SOCIALISTA AUTÉNTICO	26	0.42
SOCIALISTA AUTÉNTICO	27	0.38
SOCIALISTA AUTÉNTICO	28	0.58
SOCIALISTA AUTÉNTICO	29	0.78
SOCIALISTA AUTÉNTICO	30	0.47
SOCIALISTA AUTÉNTICO	31	0.65
SOCIALISTA AUTÉNTICO	32	0.67
SOCIALISTA AUTÉNTICO	33	0.70
SOCIALISTA AUTÉNTICO	34	0.84
SOCIALISTA AUTÉNTICO	35	0.91
SOCIALISTA AUTÉNTICO	36	0.73
SOCIALISTA AUTÉNTICO	37	0.77
SOCIALISTA AUTÉNTICO	38	0.75
SOCIALISTA AUTÉNTICO	39	0.65
SOCIALISTA AUTÉNTICO	40	0.73
SOCIALISTA AUTÉNTICO	41	0.81
SOCIALISTA AUTÉNTICO	42	0.62
SOCIALISTA AUTÉNTICO	43	0.73
SOCIALISTA AUTÉNTICO	44	0.84
SOCIALISTA AUTÉNTICO	45	0.88
SOCIALISTA AUTÉNTICO	46	0.88
SOCIALISTA AUTÉNTICO	47	0.75
SOCIALISTA AUTÉNTICO	48	0.66
SOCIALISTA AUTÉNTICO	49	0.58
SOCIALISTA AUTÉNTICO	50	0.62
SOCIALISTA AUTÉNTICO	51	0.61
SOCIALISTA AUTÉNTICO	52	0.64
SOCIALISTA AUTÉNTICO	53	0.68
SOCIALISTA AUTÉNTICO	54	0.78
SOCIALISTA AUTÉNTICO	55	0.74
SOCIALISTA AUTÉNTICO	56	0.51
SOCIALISTA AUTÉNTICO	57	0.74
SOCIALISTA AUTÉNTICO	58	0.83
SOCIALISTA AUTÉNTICO	59	0.83
SOCIALISTA AUTÉNTICO	60	0.94
SOCIALISTA AUTÉNTICO	61	0.60
SOCIALISTA AUTÉNTICO	62	1.20
SOCIALISTA AUTÉNTICO	63	0.71
SOCIALISTA AUTÉNTICO	64	0.88
SOCIALISTA AUTÉNTICO	65	0.79
SOCIALISTA AUTÉNTICO	66	0.68
SOCIALISTA AUTÉNTICO	67	0.72
SOCIALISTA AUTÉNTICO	68	0.70
SOCIALISTA AUTÉNTICO	69	0.56
SOCIALISTA AUTÉNTICO	70	0.68
SOCIALISTA AUTÉNTICO	71	0.60
SOCIALISTA AUTÉNTICO	72	0.64
SOCIALISTA AUTÉNTICO	73	0.77
SOCIALISTA AUTÉNTICO	74	0.66
SOCIALISTA AUTÉNTICO	75	0.63
SOCIALISTA AUTÉNTICO	76	0.64
SOCIALISTA AUTÉNTICO	77	0.68
SOCIALISTA AUTÉNTICO	78	0.57
SOCIALISTA AUTÉNTICO	79	0.63
SOCIALISTA AUTÉNTICO	80	0.73
SOCIALISTA AUTÉNTICO	81	0.43
SOCIALISTA AUTÉNTICO	82	0.66
SOCIALISTA AUTÉNTICO	83	0.60
SOCIALISTA AUTÉNTICO	84	0.74
SOCIALISTA AUTÉNTICO	85	0.51
SOCIALISTA AUTÉNTICO	86	0.71
SOCIALISTA AUTÉNTICO	87	0.74
SOCIALISTA AUTÉNTICO	88	0.67
SOCIALISTA AUTÉNTICO	89	0.66
SOCIALISTA AUTÉNTICO	90	0.67
SOCIALISTA AUTÉNTICO	91	0.69
SOCIALISTA AUTÉNTICO	92	0.56
SOCIALISTA AUTÉNTICO	93	0.71
SOCIALISTA AUTÉNTICO	94	0.61
SOCIALISTA AUTÉNTICO	95	0.72
SOCIALISTA AUTÉNTICO	96	0.77
SOCIALISTA AUTÉNTICO	97	0.81
SOCIALISTA AUTÉNTICO	98	0.72
SOCIALISTA AUTÉNTICO	99	0.69
SOCIALISTA AUTÉNTICO	100	0.66
SOCIALISTA AUTÉNTICO	101	0.84
SOCIALISTA AUTÉNTICO	102	0.78
SOCIALISTA AUTÉNTICO	103	0.82
SOCIALISTA AUTÉNTICO	104	0.70
SOCIALISTA AUTÉNTICO	105	0.71
SOCIALISTA AUTÉNTICO	106	0.74
SOCIALISTA AUTÉNTICO	107	0.74
SOCIALISTA AUTÉNTICO	108	0.72
SOCIALISTA AUTÉNTICO	109	0.93
SOCIALISTA AUTÉNTICO	110	0.87
SOCIALISTA AUTÉNTICO	111	0.78
SOCIALISTA AUTÉNTICO	112	0.63
SOCIALISTA AUTÉNTICO	113	0.92
SOCIALISTA AUTÉNTICO	114	0.72
SOCIALISTA AUTÉNTICO	115	0.69
SOCIALISTA AUTÉNTICO	116	0.76
SOCIALISTA AUTÉNTICO	117	0.86
SOCIALISTA AUTÉNTICO	118	0.66
SOCIALISTA AUTÉNTICO	119	0.62
SOCIALISTA AUTÉNTICO	120	0.80
SOCIALISTA AUTÉNTICO	121	0.83
SOCIALISTA AUTÉNTICO	122	0.57
SOCIALISTA AUTÉNTICO	123	0.79
SOCIALISTA AUTÉNTICO	124	0.86
SOCIALISTA AUTÉNTICO	125	0.91
SOCIALISTA AUTÉNTICO	126	0.76
SOCIALISTA AUTÉNTICO	127	0.61
SOCIALISTA AUTÉNTICO	128	0.81
SOCIALISTA AUTÉNTICO	129	0.69
SOCIALISTA AUTÉNTICO	130	0.83
SOCIALISTA AUTÉNTICO	131	0.77
SOCIALISTA AUTÉNTICO	132	0.77
SOCIALISTA AUTÉNTICO	133	0.90
SOCIALISTA AUTÉNTICO	134	0.81
SOCIALISTA AUTÉNTICO	135	0.72
SOCIALISTA AUTÉNTICO	136	0.79
SOCIALISTA AUTÉNTICO	137	0.85
SOCIALISTA AUTÉNTICO	138	0.61
SOCIALISTA AUTÉNTICO	139	0.57
SOCIALISTA AUTÉNTICO	140	0.76
SOCIALISTA AUTÉNTICO	141	0.73
SOCIALISTA AUTÉNTICO	142	0.41
SOCIALISTA AUTÉNTICO	143	0.73
SOCIALISTA AUTÉNTICO	144	0.62
SOCIALISTA AUTÉNTICO	145	0.94
SOCIALISTA AUTÉNTICO	146	0.84
SOCIALISTA AUTÉNTICO	147	0.68
SOCIALISTA AUTÉNTICO	148	0.51
SOCIALISTA AUTÉNTICO	149	0.51
SOCIALISTA AUTÉNTICO	150	0.25
SOCIALISTA AUTÉNTICO	151	0.55
SOCIALISTA AUTÉNTICO	152	0.46
SOCIALISTA AUTÉNTICO	153	0.62
SOCIALISTA AUTÉNTICO	154	0.72
SOCIALISTA AUTÉNTICO	155	0.60
SOCIALISTA AUTÉNTICO	156	0.81
SOCIALISTA AUTÉNTICO	157	0.80
SOCIALISTA AUTÉNTICO	158	0.77
SOCIALISTA AUTÉNTICO	159	0.77
SOCIALISTA AUTÉNTICO	160	0.66
SOCIALISTA AUTÉNTICO	161	0.66
SOCIALISTA AUTÉNTICO	162	0.52
SOCIALISTA AUTÉNTICO	163	0.48
SOCIALISTA AUTÉNTICO	164	0.73
SOCIALISTA AUTÉNTICO	165	0.71
SOCIALISTA AUTÉNTICO	166	0.64
SOCIALISTA AUTÉNTICO	167	0.90
